일시,평균 풍속(m/s),평균기압(hPa),평균 상대습도(%),평균 기온(°C),평균 수온(°C),평균 최대 파고(m),평균 유의 파고(m),최고 유의 파고(m),최고 최대 파고(m),평균 파주기(sec),최고 파주기(sec),지점
1999-01,6.156521739130435,1022.0041666666666,52.0,7.152631578947369,14.983333333333334,1.3458333333333332,0.4458333333333333,0.6124999999999999,1.9541666666666666,1.1153846153846154,2.5576923076923075,22104
1999-02,4.338095238095238,1021.4578947368421,52.65,7.3375,13.23157894736842,1.3699999999999999,0.45789473684210524,0.625,1.97,1.1619047619047618,3.1636363636363636,22104
1999-03,5.98695652173913,1018.0,60.44444444444444,10.0,13.664705882352942,1.7727272727272727,0.5818181818181819,1.1074074074074074,3.3222222222222224,1.368,4.018518518518518,22104
1999-04,5.617391304347826,1013.8761904761906,75.23809523809524,13.214285714285714,14.404761904761905,1.7285714285714284,0.5571428571428572,0.9444444444444444,3.0185185185185186,1.3869565217391304,3.6464285714285714,22104
1999-05,5.616666666666667,1014.6166666666667,84.3,15.866666666666667,16.075,1.1,0.33076923076923076,0.49374999999999997,1.625,2.7857142857142856,6.835294117647059,22104
1999-06,5.1,1008.31875,91.6923076923077,19.753333333333334,19.73125,1.276923076923077,0.4076923076923077,0.5866666666666667,1.7933333333333332,2.0,4.633333333333334,22104
1999-07,6.942857142857143,1007.0217391304348,90.52173913043478,22.286956521739132,22.38695652173913,1.895,0.62,0.8800000000000001,2.81,1.8476190476190475,3.838095238095238,22104
1999-08,5.537931034482758,1008.4275862068966,87.75862068965517,23.93103448275862,24.29655172413793,1.6384615384615384,0.5384615384615384,0.75,2.3115384615384618,1.4137931034482758,4.220689655172414,22104
1999-09,7.44375,1011.6681818181819,85.6,23.213636363636365,24.4,2.0266666666666664,0.66,0.9625,2.8375,1.9533333333333334,4.30625,22104
1999-10,6.452000000000001,1018.752,65.84,17.833333333333332,22.368000000000002,0.8,0.21600000000000003,0.436,1.32,3.2880000000000003,5.972,22104
1999-11,5.666666666666667,1021.1923076923077,58.80769230769231,12.564,18.06923076923077,0.44666666666666666,0.12333333333333334,0.19666666666666668,0.61,3.4299999999999997,6.23,22104
1999-12,6.886206896551724,1024.5033333333333,52.266666666666666,6.98,16.12,1.4749999999999999,0.48214285714285715,0.6607142857142857,2.0571428571428574,1.3517241379310345,4.051724137931035,22104
2000-01,7.173333333333333,1023.6214285714286,60.285714285714285,5.567857142857143,14.728571428571428,1.8571428571428572,0.6357142857142858,0.9249999999999999,2.7857142857142856,1.2724137931034483,3.972413793103448,22104
2000-02,6.460869565217391,1020.9291666666667,48.541666666666664,4.05,13.200000000000001,1.391304347826087,0.45652173913043476,0.6083333333333333,1.925,1.4304347826086956,5.058333333333334,22104
2000-03,6.39,1017.3678571428571,56.464285714285715,8.692857142857143,13.242857142857144,1.4733333333333334,0.47333333333333333,0.7166666666666667,2.1366666666666663,1.3766666666666665,5.489999999999999,22104
2000-04,6.337037037037037,1013.0481481481481,71.29629629629629,11.677777777777779,13.266666666666666,1.5037037037037038,0.49259259259259264,0.7555555555555555,2.2518518518518515,2.1703703703703705,7.71111111111111,22104
2000-05,4.826666666666667,1011.8333333333334,83.25,13.200000000000001,14.424999999999999,1.0692307692307692,0.3384615384615385,0.4785714285714286,1.55,1.78,6.075,22104
2000-06,,,,,,,,0.3,0.8,,9.5,22104
2000-10,6.785714285714286,1018.845,65.8,17.34,21.0,1.6047619047619048,0.5285714285714286,0.7904761904761906,2.4571428571428573,2.0428571428571427,6.071428571428571,22104
2000-11,5.65,1022.3192307692308,61.92307692307692,12.265384615384615,18.092307692307692,1.5363636363636362,0.5130434782608696,0.8925925925925926,2.5807692307692305,1.4538461538461538,6.167857142857144,22104
2000-12,6.395652173913043,1022.2620689655172,53.37931034482759,8.586206896551724,16.424137931034483,1.4076923076923078,0.46153846153846156,0.6749999999999999,2.0785714285714287,1.2535714285714286,3.2266666666666666,22104
2001-01,7.683333333333334,1021.4133333333334,58.3,4.048275862068966,14.153333333333334,1.8241379310344827,0.6241379310344828,0.8793103448275862,2.6758620689655173,9.416666666666666,17.259999999999998,22104
2001-02,6.825,1022.1642857142857,56.25,6.333333333333333,13.346428571428572,1.55,0.5321428571428571,0.8071428571428572,2.4285714285714284,12.346428571428572,37.760714285714286,22104
2001-03,6.893103448275863,1014.951724137931,61.535714285714285,9.03448275862069,13.317241379310344,1.5586206896551724,0.5137931034482759,0.7689655172413793,2.3344827586206898,17.079310344827586,48.782758620689656,22104
2001-04,6.236000000000001,1015.7576923076923,93.13636363636364,13.63076923076923,14.042307692307693,1.3559999999999999,0.43200000000000005,0.7120000000000001,2.172,23.096,72.472,22104
2001-05,5.3500000000000005,1013.9833333333332,96.6,15.666666666666666,15.966666666666667,1.2,0.4,0.48333333333333334,1.5166666666666666,12.700000000000001,41.271428571428565,22104
2001-06,6.207692307692308,1008.12,94.76,18.924,16.432000000000002,1.6,0.5269230769230769,0.7769230769230769,2.4153846153846152,23.084,50.67307692307692,22104
2001-07,4.319999999999999,1009.0300000000001,93.23333333333333,23.013333333333332,21.153333333333332,1.2142857142857142,0.38571428571428573,0.5266666666666667,1.6766666666666665,25.82,48.49354838709677,22104
2001-08,6.641935483870968,1009.758064516129,84.38709677419355,25.283870967741933,24.532258064516128,1.803225806451613,0.5903225806451613,0.8193548387096774,2.5064516129032257,23.038709677419355,54.74516129032258,22104
2001-09,8.610714285714286,1013.6,76.18518518518519,22.296296296296298,22.55925925925926,2.3703703703703702,0.8074074074074075,1.1464285714285716,3.435714285714286,15.553571428571429,36.99285714285714,22104
2001-10,6.883870967741935,1017.8193548387097,71.87096774193549,19.016129032258064,19.34193548387097,1.8645161290322583,0.6290322580645161,0.864516129032258,2.661290322580645,15.041935483870969,46.13548387096775,22104
2001-11,5.653333333333333,1020.56,58.63333333333333,12.783333333333333,15.946666666666665,1.3099999999999998,0.4266666666666667,0.6366666666666667,1.9266666666666665,17.866666666666667,50.82,22104
2001-12,6.858064516129032,1025.2032258064517,55.645161290322584,6.896774193548388,13.96774193548387,1.6137931034482758,0.5517241379310345,0.7799999999999999,2.3766666666666665,11.980645161290322,38.66451612903226,22104
2002-01,7.524137931034482,1019.1551724137931,63.86206896551724,6.841379310344828,11.49655172413793,1.975862068965517,0.6724137931034483,0.9193548387096774,2.925806451612903,11.303448275862069,24.970967741935485,22104
2002-02,5.853571428571429,1022.5703703703704,55.96296296296296,7.462962962962963,11.085185185185185,1.2964285714285713,0.41428571428571426,0.6178571428571429,1.882142857142857,18.639285714285712,57.232142857142854,22104
2002-03,6.513793103448276,1016.9392857142857,67.67857142857143,10.575000000000001,11.028571428571428,1.5464285714285713,0.5035714285714286,0.7785714285714286,2.617857142857143,19.693103448275863,55.782758620689656,22104
2002-04,6.45,1015.73,77.3,13.21,11.66,1.7366666666666668,0.5766666666666667,0.94,2.79,19.423333333333336,62.0,22104
2002-05,5.709677419354839,1012.1586206896551,86.93103448275862,15.76551724137931,13.982758620689655,1.5033333333333334,0.48000000000000004,0.7100000000000001,2.106666666666667,24.961290322580645,69.2258064516129,22104
2002-06,6.128571428571428,1007.7444444444445,90.77777777777777,18.9,18.9,1.22,0.4,0.39999999999999997,1.4000000000000001,26.5,67.87777777777778,22104
2002-07,6.958823529411765,1005.9166666666666,96.13333333333334,21.486666666666668,21.616666666666664,2.0923076923076924,0.64,0.8250000000000001,2.86,13.661538461538461,37.77333333333333,22104
2002-08,7.233333333333333,1009.932,90.52,22.816,22.564,1.8880000000000001,0.632,0.8555555555555556,2.67037037037037,12.628,37.851851851851855,22104
2002-09,8.447058823529412,1014.0875,78.75,21.25,23.8875,2.2055555555555557,0.7388888888888889,1.04,3.05,18.233333333333334,50.485,22104
2002-10,5.803225806451613,1017.5322580645161,67.96774193548387,16.887096774193548,17.58709677419355,1.5741935483870966,0.5419354838709678,0.8032258064516129,2.338709677419355,13.009677419354839,31.44193548387097,22104
2002-11,6.1466666666666665,1020.5266666666666,56.56666666666667,9.82,17.275862068965516,1.6066666666666667,0.5233333333333333,0.76,2.2933333333333334,11.706666666666667,26.283333333333335,22104
2002-12,7.554838709677419,1022.91,62.86666666666667,7.9399999999999995,17.053333333333335,2.0516129032258066,0.7032258064516129,1.0161290322580645,3.0580645161290323,12.916129032258064,38.380645161290325,22104
2003-01,7.087096774193548,1021.3612903225807,56.96774193548387,3.8225806451612905,16.141935483870967,1.7419354838709677,0.5870967741935483,0.803225806451613,2.532258064516129,15.119354838709677,40.61290322580645,22104
2003-02,6.085714285714286,1020.8357142857143,62.535714285714285,6.917857142857143,17.575,1.6280000000000001,0.5357142857142857,0.7714285714285715,2.3884615384615384,14.712,50.31923076923077,22104
2003-03,6.396774193548388,1019.9290322580645,67.80645161290323,8.783870967741937,17.146428571428572,1.5999999999999999,0.5333333333333333,0.716,2.496,19.830434782608698,51.868,22104
2003-04,7.6499999999999995,1014.2066666666667,74.46666666666667,11.78,16.993333333333332,2.3466666666666667,0.8066666666666666,1.075,3.10625,14.44,46.4625,22104
2003-05,6.20952380952381,1011.74,87.3,18.0,17.165,1.6523809523809525,0.5380952380952382,0.7454545454545454,2.340909090909091,21.45714285714286,58.28181818181818,22104
2003-06,4.979310344827587,1006.8379310344827,88.62068965517241,20.479310344827585,19.513793103448275,1.5,0.4931034482758621,0.77,2.316666666666667,16.02758620689655,39.26,22104
2003-07,6.270967741935484,1008.1483870967742,90.0,21.93548387096774,21.05806451612903,1.803225806451613,0.6032258064516128,0.832258064516129,2.6129032258064515,18.9741935483871,45.935483870967744,22104
2003-08,5.880645161290323,1009.0677419354838,85.51612903225806,25.19677419354839,25.138709677419353,1.4870967741935484,0.4967741935483871,0.6870967741935484,2.1322580645161286,23.967741935483872,55.0516129032258,22104
2003-09,6.453333333333333,1013.1137931034483,80.62068965517241,24.06206896551724,23.951724137931034,1.804166666666667,0.6,1.0666666666666667,3.1074074074074076,15.120000000000001,37.373333333333335,22104
2003-10,6.438709677419355,1017.4483870967742,62.903225806451616,19.0,20.49310344827586,1.2870967741935484,0.4419354838709677,0.6096774193548387,1.6935483870967742,20.329166666666666,43.452,22104
2003-11,6.942857142857143,1020.9629629629629,73.03703703703704,7.944444444444445,8.056000000000001,1.7923076923076924,0.6153846153846154,0.8862068965517241,2.4172413793103447,10.696428571428571,30.663333333333334,22104
2003-12,7.235483870967743,1022.0612903225807,55.225806451612904,10.461290322580645,17.31935483870968,1.635483870967742,0.5451612903225806,0.7483870967741936,2.2806451612903227,12.796774193548387,34.122580645161285,22104
2004-01,6.738709677419355,1021.9193548387096,54.58064516129032,7.145161290322581,14.841935483870968,1.5129032258064516,0.5193548387096775,0.7225806451612903,2.335483870967742,14.229032258064517,32.49354838709677,22104
2004-02,6.73103448275862,1019.106896551724,57.10344827586207,8.824137931034484,13.824137931034482,1.6172413793103448,0.5275862068965518,0.7551724137931034,2.203448275862069,11.53793103448276,29.46551724137931,22104
2004-03,6.04074074074074,1019.1354838709677,61.45161290322581,9.841935483870968,14.170967741935485,1.493548387096774,0.4967741935483871,0.732258064516129,2.2129032258064516,16.406451612903226,42.75483870967742,22104
2004-04,5.38,1015.4933333333333,73.26666666666667,13.24,14.546666666666665,1.2666666666666666,0.4,0.6266666666666667,1.9066666666666667,20.113333333333333,46.18,22104
2004-05,4.431578947368421,1009.6631578947367,88.6842105263158,17.726315789473684,16.45263157894737,1.0,0.3105263157894737,0.465,1.49,26.05263157894737,50.464999999999996,22104
2004-06,5.043333333333334,1010.15,87.33333333333333,20.883333333333333,20.086666666666666,1.23,0.39333333333333337,0.6333333333333333,1.9200000000000002,23.686666666666667,50.083333333333336,22104
2004-07,4.387096774193548,1008.3774193548387,93.90322580645162,24.05483870967742,22.961290322580645,1.4580645161290324,0.47419354838709676,0.7032258064516129,2.167741935483871,24.76774193548387,46.83548387096774,22104
2004-08,6.47,1007.67,84.26666666666667,26.11,26.646666666666665,1.99,0.6933333333333334,1.0,3.0064516129032257,23.05,50.95161290322581,22104
2004-09,7.703333333333333,1014.0333333333333,80.8,23.826666666666664,24.386666666666667,2.25,0.775,1.1433333333333333,3.26,20.49230769230769,39.978571428571435,22104
2004-10,7.458064516129032,1018.9387096774193,66.3225806451613,19.419354838709676,21.203225806451613,2.332258064516129,0.8064516129032258,1.2000000000000002,3.47741935483871,13.593548387096773,29.98709677419355,22104
2004-11,5.4399999999999995,1021.7733333333333,64.33333333333333,15.663333333333334,18.566666666666666,1.2333333333333334,0.41333333333333333,0.55,1.80625,13.3,40.65625,22104
2004-12,6.503225806451613,1022.3903225806451,60.29032258064516,11.46774193548387,17.97741935483871,1.8227272727272728,0.6272727272727273,0.8291666666666666,2.529166666666667,12.004545454545456,22.741666666666664,22104
2005-01,7.148387096774194,1020.3612903225807,56.483870967741936,6.538709677419355,15.261290322580646,1.7892857142857144,0.6035714285714285,0.8387096774193549,2.4967741935483874,9.107142857142858,15.093333333333334,22104
2005-02,7.785714285714286,1021.525,58.392857142857146,6.632142857142857,13.542857142857143,2.117391304347826,0.7217391304347827,1.008,2.984,9.509090909090908,16.120833333333334,22104
2005-03,6.687096774193549,1018.258064516129,62.96774193548387,9.72258064516129,12.496774193548386,1.6880000000000002,0.556,0.8,2.5,8.596,17.21851851851852,22104
2005-04,6.958823529411765,1016.4588235294117,74.11764705882354,13.964705882352941,13.847058823529412,1.79375,0.6,0.8388888888888889,2.4444444444444446,7.252941176470588,16.616666666666667,22104
2005-05,5.235294117647059,1013.6285714285714,83.26666666666667,18.293333333333333,16.841176470588238,1.0333333333333334,0.3222222222222222,0.44166666666666665,1.4333333333333333,6.722222222222222,20.191666666666666,22104
2005-06,4.8919999999999995,1006.8038461538462,91.07692307692308,20.284615384615385,19.503846153846155,1.3846153846153846,0.4538461538461539,0.6357142857142858,1.9535714285714285,7.446153846153846,15.571428571428571,22104
2005-07,4.767741935483872,1006.9451612903225,92.51612903225806,22.5258064516129,22.567741935483873,1.7096774193548387,0.5806451612903226,0.7870967741935483,2.3806451612903223,7.587096774193548,12.490322580645161,22104
2005-08,5.567741935483871,1008.8967741935484,84.61290322580645,24.967741935483872,26.31935483870968,1.7354838709677418,0.5709677419354838,0.8290322580645161,2.467741935483871,8.012903225806452,17.799999999999997,22104
2005-09,8.863636363636363,1010.9916666666667,85.08333333333333,23.849999999999998,25.45,2.8000000000000003,1.0083333333333333,1.38,3.96,9.891666666666667,12.386666666666667,22104
2005-10,6.45483870967742,1018.2806451612903,66.93548387096774,19.20967741935484,22.33225806451613,1.632258064516129,0.535483870967742,0.7612903225806452,2.338709677419355,8.658620689655173,17.103225806451615,22104
2005-11,5.489999999999999,1019.2733333333333,56.3,14.83,19.16,1.2333333333333334,0.4,0.56,1.77,8.303333333333333,19.953333333333333,22104
2005-12,7.338709677419355,1021.9806451612903,52.483870967741936,6.896774193548388,15.883870967741935,1.8580645161290323,0.6290322580645161,0.8516129032258064,2.5,9.96774193548387,13.174193548387098,22104
2006-01,6.690322580645161,1022.4354838709677,56.645161290322584,8.651612903225805,13.751612903225807,1.696774193548387,0.5709677419354838,0.7838709677419355,2.5354838709677416,8.893548387096773,13.796774193548387,22104
2006-02,7.310714285714285,1023.1035714285715,59.07142857142857,8.35,13.028571428571428,1.7285714285714284,0.5785714285714285,0.8428571428571429,2.5357142857142856,8.65,20.696428571428573,22104
2006-03,6.993548387096775,1015.5774193548388,62.774193548387096,10.829032258064515,12.161290322580646,1.6096774193548387,0.532258064516129,0.7580645161290323,2.370967741935484,8.790322580645162,16.10967741935484,22104
2006-04,7.5,1011.2375000000001,74.20833333333333,13.641666666666666,0.0,2.183333333333333,0.7333333333333334,1.0541666666666667,3.3000000000000003,8.445833333333333,13.754166666666668,22104
2006-05,5.730769230769231,1008.9307692307692,91.76923076923077,16.476923076923075,15.723076923076924,1.4769230769230768,0.4846153846153846,0.7461538461538461,2.3461538461538463,7.607692307692308,18.415384615384617,22104
2006-06,4.8545454545454545,1007.7454545454547,91.77272727272727,18.327272727272728,17.927272727272726,1.3681818181818182,0.43636363636363634,0.6749999999999999,2.129166666666667,7.545454545454546,18.054166666666667,22104
2006-07,4.39,1008.15,95.85,21.675,20.285,1.685,0.55,0.7000000000000001,2.226086956521739,8.6,12.543478260869565,22104
2006-08,4.816129032258065,1007.8193548387097,85.48387096774194,25.864516129032257,26.148387096774194,1.2483870967741937,0.4064516129032258,0.5774193548387097,1.8419354838709678,17.30322580645161,31.496774193548386,22104
2006-09,8.69,1012.74,75.76666666666667,22.026666666666664,23.203333333333333,2.4366666666666665,0.8266666666666667,1.1466666666666667,3.6166666666666667,18.813333333333333,48.156666666666666,22104
2006-10,5.293548387096774,1017.9387096774193,74.64516129032258,19.73225806451613,20.55,1.8433333333333333,1.0666666666666667,1.5133333333333332,2.646666666666667,6.683870967741935,10.55483870967742,22104
2006-11,6.29047619047619,1018.6433333333333,61.142857142857146,14.576190476190478,16.529999999999998,2.1766666666666667,1.3133333333333332,1.8333333333333333,3.0533333333333332,6.28,8.166666666666666,22104
2006-12,6.180645161290323,1024.8096774193548,57.645161290322584,8.509677419354839,15.796774193548387,1.6258064516129032,0.9838709677419355,1.3096774193548388,2.2806451612903227,5.896774193548387,7.774193548387097,22104
2007-01,6.45483870967742,1024.425806451613,56.25806451612903,6.964516129032258,13.990322580645161,1.6225806451612903,0.9935483870967742,1.367741935483871,2.2903225806451615,6.116129032258065,8.290322580645162,22104
2007-02,6.182142857142857,1019.9321428571428,64.10714285714286,9.02142857142857,13.989285714285714,1.7,1.025,1.4785714285714284,2.525,5.810714285714285,8.857142857142858,22104
2007-03,6.316129032258065,1018.0806451612904,66.61290322580645,9.641935483870967,13.396774193548387,1.7483870967741937,1.058064516129032,1.5741935483870966,2.7193548387096773,5.906451612903226,8.0,22104
2007-04,5.383333333333334,1016.13,70.33333333333333,12.523333333333333,13.923333333333334,1.4133333333333333,0.85,1.2733333333333334,2.1633333333333336,4.88,7.303333333333333,22104
2007-05,5.309677419354839,1009.0193548387097,85.48387096774194,15.751612903225807,16.193548387096776,1.5870967741935484,0.9645161290322581,1.3838709677419354,2.3096774193548386,5.796774193548386,7.548387096774194,22104
2007-06,6.1066666666666665,1008.9733333333334,87.16666666666667,19.453333333333333,20.279999999999998,1.5799999999999998,0.9633333333333333,1.32,2.256666666666667,5.08,6.5,22104
2007-07,5.04516129032258,1005.1612903225806,88.54838709677419,22.177419354838708,23.04516129032258,1.7645161290322582,1.0774193548387097,1.4161290322580644,2.3677419354838714,6.506451612903225,8.096774193548388,22104
2007-08,4.562068965517242,1009.8225806451613,85.96774193548387,25.738709677419354,26.706451612903226,1.7096774193548387,1.0548387096774194,1.4129032258064516,2.3451612903225807,6.503225806451613,8.32258064516129,22104
2007-09,7.79,1011.76,78.83333333333333,23.496666666666666,25.67,2.5,1.53,2.183333333333333,3.6300000000000003,6.753333333333333,8.266666666666667,22104
2007-10,6.072413793103448,1018.2724137931035,65.65517241379311,19.155172413793103,22.53793103448276,1.8620689655172413,1.1482758620689655,1.5724137931034483,2.617241379310345,6.4655172413793105,8.586206896551724,22104
2007-11,5.986666666666666,1021.8666666666667,53.86666666666667,12.803333333333335,17.683333333333334,1.6266666666666665,0.9933333333333334,1.3299999999999998,2.246666666666667,6.37,8.1,22104
2007-12,6.751612903225807,1020.7096774193549,55.96774193548387,8.706896551724139,15.63103448275862,1.7064516129032257,1.0517241379310345,1.4827586206896552,2.4096774193548387,5.806896551724138,7.655172413793103,22104
2008-01,7.025806451612904,1023.2322580645161,57.483870967741936,5.932258064516129,13.451612903225806,2.0451612903225804,1.2548387096774194,1.6290322580645162,2.793548387096774,6.574193548387097,8.483870967741936,22104
2008-02,6.741379310344827,1022.9724137931034,45.3448275862069,4.610344827586206,12.751724137931035,1.7620689655172415,1.089655172413793,1.475862068965517,2.413793103448276,6.358620689655172,8.620689655172415,22104
2008-03,6.658064516129032,1017.9000000000001,60.61290322580645,9.96774193548387,13.245161290322581,1.7483870967741937,1.0838709677419356,1.4967741935483871,2.490322580645161,5.293548387096774,7.193548387096774,22104
2008-04,6.814285714285715,1015.2,67.0,13.883333333333333,14.166666666666666,1.542857142857143,0.942857142857143,1.3571428571428572,2.2857142857142856,4.371428571428571,5.714285714285714,22104
2008-05,5.051612903225807,1010.4741935483871,86.74193548387096,18.048387096774192,16.774193548387096,1.4806451612903226,0.8999999999999999,1.2677419354838708,2.164516129032258,5.5,7.709677419354839,22104
2008-06,6.7733333333333325,1009.5533333333333,88.63333333333334,20.823333333333334,19.509999999999998,1.9400000000000002,1.18,1.6133333333333333,2.743333333333333,5.77,7.4,22104
2008-07,3.4066666666666667,1008.2741935483871,95.93548387096774,25.580645161290324,23.883870967741935,1.229032258064516,0.7612903225806452,1.032258064516129,1.7258064516129032,6.083870967741936,7.806451612903226,22104
2008-08,6.893548387096774,1007.9774193548387,85.35483870967742,26.583870967741937,25.980645161290322,1.8935483870967742,1.1903225806451612,1.667741935483871,2.767741935483871,5.712903225806452,7.419354838709677,22104
2008-09,6.328571428571428,1012.6551724137931,78.96551724137932,25.26206896551724,25.3,1.5566666666666669,0.9933333333333334,1.3566666666666667,2.2199999999999998,6.623333333333333,8.466666666666667,22104
2008-10,5.009677419354839,1017.9225806451612,68.06451612903226,21.799999999999997,22.34193548387097,1.1806451612903226,0.7548387096774193,1.0064516129032257,1.6741935483870967,5.193548387096774,7.193548387096774,22104
2008-11,6.046666666666667,1021.0366666666666,62.43333333333333,14.946666666666665,18.803333333333335,1.46,0.9366666666666668,1.2733333333333334,2.086666666666667,5.4766666666666675,7.866666666666666,22104
2008-12,6.261290322580645,1022.0354838709677,58.774193548387096,10.441935483870967,17.083870967741937,1.5225806451612904,0.9806451612903226,1.3548387096774193,2.1774193548387095,6.122580645161291,8.064516129032258,22104
2009-01,6.86,1023.2366666666666,56.333333333333336,6.946666666666667,14.95,1.7733333333333334,1.13,1.564516129032258,2.661290322580645,6.96,8.903225806451612,22104
2009-02,6.303999999999999,1017.7875,66.04166666666667,11.112499999999999,14.045833333333334,1.86,1.1320000000000001,1.6407407407407406,2.77037037037037,6.432,8.592592592592593,22104
2009-03,6.929032258064517,1018.3225806451613,63.096774193548384,12.080645161290322,14.167741935483871,1.8129032258064517,1.1,1.6064516129032258,2.738709677419355,5.751612903225807,8.129032258064516,22104
2009-04,5.746666666666667,1015.27,74.66666666666667,15.243333333333334,14.84,1.4833333333333334,0.9133333333333334,1.3333333333333333,2.1966666666666668,5.566666666666666,8.1,22104
2009-05,4.63,1012.5419354838709,86.06451612903226,18.203225806451613,16.329032258064515,1.364516129032258,0.832258064516129,1.2516129032258063,2.035483870967742,4.816129032258065,6.838709677419355,22104
2009-06,3.8666666666666667,1004.7,92.13333333333334,20.90666666666667,19.653333333333332,1.4733333333333334,0.9066666666666666,1.28,2.1599999999999997,6.493333333333334,8.173333333333334,22104
2009-07,6.016666666666667,1006.4774193548387,89.09677419354838,22.748387096774195,21.996774193548386,1.9,1.1700000000000002,1.5799999999999998,2.69,6.406666666666666,7.806666666666667,22104
2009-08,7.329032258064516,1009.1387096774193,80.87096774193549,25.42258064516129,25.55806451612903,1.935483870967742,1.2032258064516128,1.525806451612903,2.6451612903225805,6.148387096774194,7.493548387096775,22104
2009-09,6.4399999999999995,1013.3464285714286,71.65517241379311,23.596551724137928,24.66896551724138,1.59,0.98,1.3166666666666667,2.246666666666667,5.716666666666667,7.233333333333333,22104
2009-10,5.551612903225807,1016.2161290322581,60.903225806451616,19.84193548387097,21.638709677419353,1.7129032258064516,1.058064516129032,1.396774193548387,2.351612903225807,6.748387096774193,9.287096774193548,22104
2009-11,7.216666666666667,1022.0066666666667,62.46666666666667,13.360000000000001,18.426666666666666,2.0833333333333335,1.2733333333333334,1.78,3.0366666666666666,6.4766666666666675,8.629999999999999,22104
2009-12,6.706451612903226,1020.6483870967742,52.83870967741935,8.351612903225806,16.583870967741937,1.6774193548387097,1.0193548387096774,1.335483870967742,2.3129032258064517,6.593548387096774,9.106451612903227,22104
2010-01,5.820689655172414,1022.241935483871,50.87096774193548,6.0,14.287096774193548,1.764516129032258,1.0838709677419356,1.4838709677419355,2.5387096774193547,7.535483870967742,9.580645161290322,22104
2010-02,6.735714285714286,1020.157142857143,60.785714285714285,8.796428571428573,13.278571428571428,2.0107142857142857,1.2249999999999999,1.7035714285714287,2.8392857142857144,6.453571428571428,8.332142857142857,22104
2010-03,8.061290322580644,1019.3258064516128,63.32258064516129,10.629032258064516,12.983870967741936,2.5548387096774197,1.570967741935484,2.2806451612903227,3.8161290322580643,6.887096774193548,8.461290322580645,22104
2010-04,6.346666666666667,1018.16,66.83333333333333,13.026666666666667,13.653333333333334,1.8366666666666667,1.1133333333333333,1.63,2.8033333333333332,6.0,7.73,22104
2010-05,5.516129032258065,1011.3419354838709,80.48387096774194,16.870967741935484,15.619354838709677,1.6483870967741936,1.0,1.396774193548387,2.3483870967741933,6.306451612903226,7.929032258064516,22104
2010-06,4.493333333333334,1010.0466666666667,84.8,21.523333333333333,20.123333333333335,1.15,0.7166666666666667,0.9700000000000001,1.6666666666666667,5.486666666666666,7.15,22104
2010-07,3.9826086956521736,1007.5749999999999,91.58333333333333,24.358333333333334,22.64074074074074,1.5178571428571428,0.912,1.1966666666666665,1.9966666666666666,6.317857142857143,7.823333333333333,22104
2010-08,4.396774193548387,1011.4962962962964,88.76,26.43793103448276,26.112903225806452,1.335483870967742,0.8838709677419354,1.2354838709677418,2.0129032258064514,5.754838709677419,7.254838709677419,22104
2010-09,5.6033333333333335,1013.6703703703703,67.57142857142857,23.882758620689657,25.096551724137928,1.9066666666666667,1.2233333333333334,1.7033333333333334,2.7733333333333334,7.473333333333333,8.923333333333334,22104
2010-10,6.709677419354839,1017.2965517241379,65.10714285714286,18.94333333333333,21.387096774193548,1.8258064516129033,1.1580645161290322,1.5225806451612904,2.5548387096774197,6.270967741935484,7.709677419354839,22104
2010-11,5.623333333333333,1020.5666666666666,44.833333333333336,12.835714285714285,17.863333333333333,1.410344827586207,0.9103448275862068,1.2827586206896553,2.1206896551724137,6.451724137931034,8.637931034482758,22104
2010-12,7.109677419354839,1015.9451612903225,55.58064516129032,7.829032258064516,16.174193548387095,1.7032258064516128,1.1096774193548387,1.5838709677419356,2.551612903225806,6.609677419354839,8.845161290322581,22104
2011-01,7.467741935483871,1023.9612903225806,49.12903225806452,1.896774193548387,13.203225806451613,1.6870967741935483,1.1064516129032258,1.4483870967741934,2.3161290322580643,7.390322580645161,9.735483870967743,22104
2011-02,6.675,1020.2928571428572,61.535714285714285,7.75,12.37142857142857,1.6964285714285714,1.1321428571428571,1.6035714285714284,2.5107142857142857,6.3428571428571425,7.95,22104
2011-03,6.645161290322581,1020.3612903225807,52.16129032258065,8.200000000000001,12.22258064516129,1.3903225806451613,0.9032258064516129,1.3193548387096774,2.074193548387097,5.554838709677419,7.635483870967741,22104
2011-04,6.86,1014.6366666666667,69.2,12.610000000000001,13.193333333333333,1.8366666666666667,1.1933333333333331,1.6733333333333333,2.646666666666667,6.13,7.806666666666667,22104
2011-05,6.264516129032257,1011.8,86.07407407407408,15.555555555555555,14.72258064516129,1.7064516129032257,1.1129032258064515,1.5129032258064516,2.4967741935483874,6.409677419354838,7.800000000000001,22104
2011-06,4.583333333333333,1008.12,92.2,19.476666666666667,18.459999999999997,1.38,0.91,1.2066666666666668,1.9666666666666666,6.260000000000001,7.48,22104
2011-07,5.170967741935484,1007.1129032258065,89.19354838709677,23.580645161290324,22.812903225806455,1.5451612903225806,1.0129032258064516,1.332258064516129,2.170967741935484,6.493548387096775,7.909677419354838,22104
2011-08,6.341935483870968,1009.1387096774193,83.90322580645162,25.16774193548387,24.761290322580646,1.7354838709677418,1.1451612903225807,1.5290322580645161,2.5032258064516126,6.719354838709678,8.325806451612904,22104
2011-09,6.166666666666667,1011.48,71.06666666666666,23.433333333333334,24.15,2.13,1.4033333333333333,1.9433333333333331,3.02,7.08,9.04,22104
2011-10,5.816666666666666,1018.7099999999999,60.70967741935484,18.654838709677417,20.94516129032258,1.525806451612903,1.0064516129032257,1.3709677419354838,2.2483870967741937,6.47741935483871,8.448387096774193,22104
2011-11,5.983333333333333,1021.6266666666667,61.6,15.84,19.126666666666665,1.74,1.1466666666666667,1.6033333333333333,2.603333333333333,6.676666666666667,8.403333333333332,22104
2011-12,7.180645161290323,1024.890322580645,48.935483870967744,7.267741935483872,17.387096774193548,1.867741935483871,1.2258064516129032,1.596774193548387,2.6258064516129034,7.580645161290323,9.183870967741935,22104
2012-01,7.32258064516129,1023.2516129032258,49.41935483870968,5.406451612903226,14.745161290322581,1.7903225806451613,1.1870967741935485,1.6419354838709677,2.574193548387097,6.870967741935484,9.05483870967742,22104
2012-02,6.686206896551725,1021.5931034482759,50.758620689655174,5.044827586206897,13.113793103448277,1.5724137931034483,1.0344827586206897,1.4310344827586208,2.279310344827586,6.727586206896552,8.934482758620689,22104
2012-03,7.487096774193549,1018.4193548387096,57.516129032258064,9.683870967741935,13.332258064516129,1.9193548387096775,1.2806451612903227,1.770967741935484,2.8161290322580643,6.374193548387097,8.306451612903226,22104
2012-04,6.786666666666666,1013.7900000000001,67.76666666666667,13.66,14.24,1.7233333333333334,1.1400000000000001,1.6866666666666668,2.7133333333333334,5.92,7.983333333333333,22104
2012-05,5.064516129032258,1011.1966666666667,74.58064516129032,17.403225806451612,16.916129032258063,1.3096774193548388,0.8806451612903226,1.2258064516129032,1.9129032258064516,5.687096774193549,7.616129032258065,22104
2012-06,6.286666666666666,1007.9033333333333,78.56666666666666,20.766666666666666,20.509999999999998,1.6766666666666665,1.1133333333333333,1.4666666666666666,2.35,6.29,7.79,22104
2012-07,5.138709677419355,1006.8516129032258,84.6774193548387,24.029032258064515,21.95483870967742,1.429032258064516,0.9161290322580646,1.2354838709677418,1.967741935483871,6.564516129032258,8.380645161290323,22104
2012-08,6.948387096774193,1009.0806451612904,78.16129032258064,26.86774193548387,25.59375,2.0806451612903225,1.3580645161290323,1.935483870967742,3.0806451612903225,7.054838709677419,8.938709677419356,22104
2012-09,5.742307692307692,1013.0620689655173,73.15,22.515384615384615,,1.5833333333333333,1.06,1.5866666666666667,2.433333333333333,6.266666666666667,8.083333333333334,22104
2012-10,5.752631578947368,1017.3571428571429,,18.3625,,1.5666666666666667,1.0222222222222221,1.4774193548387096,2.3193548387096774,6.949999999999999,8.596774193548388,22104
2012-11,6.800000000000001,1018.6444444444444,44.0,11.925,18.085714285714285,1.575,1.0699999999999998,1.4379310344827587,2.1517241379310343,6.326315789473685,7.8758620689655165,22104
2012-12,7.251612903225807,1021.8,59.064516129032256,5.680645161290323,15.30967741935484,1.867741935483871,1.2258064516129032,1.764516129032258,2.806451612903226,7.161290322580645,9.23225806451613,22104
2013-01,6.800000000000001,1023.9451612903225,54.96774193548387,4.858064516129032,13.390322580645162,1.6129032258064515,1.0741935483870966,1.4516129032258065,2.2870967741935484,6.893548387096774,8.806451612903226,22104
2013-02,5.707142857142857,1022.6928571428572,54.142857142857146,6.210714285714286,12.339285714285714,1.575,1.0357142857142858,1.4892857142857143,2.307142857142857,7.235714285714286,8.960714285714285,22104
2013-03,5.858064516129032,1016.5666666666667,65.93548387096774,10.525806451612903,13.106451612903227,1.6903225806451612,1.1,1.5774193548387097,2.5677419354838706,6.603225806451612,8.464516129032257,22104
2013-04,6.5,1013.12,66.13333333333334,12.233333333333333,13.603333333333333,1.68,1.1066666666666667,1.6533333333333333,2.7133333333333334,6.133333333333334,7.876666666666667,22104
2013-05,4.983870967741935,1012.2387096774194,83.74193548387096,15.935483870967742,15.46774193548387,1.335483870967742,0.8838709677419355,1.2774193548387098,2.009677419354839,6.348387096774194,7.896774193548387,22104
2013-06,4.9399999999999995,1008.4766666666667,89.43333333333334,20.2,19.84,1.2966666666666666,0.86,1.1900000000000002,1.88,5.926666666666667,7.736666666666666,22104
2013-07,4.970967741935484,1007.6607142857143,93.7741935483871,23.46451612903226,22.548387096774192,1.5451612903225806,1.0129032258064516,1.303225806451613,2.083870967741935,7.054838709677419,8.164516129032258,22104
2013-08,4.34516129032258,1007.5451612903227,88.25806451612904,25.493548387096773,25.44516129032258,1.1838709677419357,0.7645161290322581,0.9806451612903225,1.6258064516129032,6.706451612903226,8.329032258064515,22104
2013-09,6.283333333333333,1014.2233333333334,74.66666666666667,23.866666666666667,25.123333333333335,1.66,1.0866666666666667,1.4766666666666666,2.3866666666666663,6.176666666666667,7.876666666666667,22104
2013-10,7.461290322580646,1018.1032258064516,67.93548387096774,19.929032258064513,22.787096774193547,2.383870967741936,1.570967741935484,2.270967741935484,3.703225806451613,7.164516129032258,9.151612903225805,22104
2013-11,6.123333333333333,1019.3933333333333,55.96666666666667,12.806666666666667,19.10666666666667,1.4966666666666666,0.9700000000000001,1.4133333333333333,2.316666666666667,6.323333333333333,8.4,22104
2013-12,7.076666666666667,1020.3766666666667,54.36666666666667,7.786666666666666,15.610000000000001,1.7833333333333334,1.1700000000000002,1.5838709677419356,2.509677419354839,6.926666666666666,9.248387096774193,22104
2014-01,6.293548387096774,1023.2,51.903225806451616,6.945161290322581,14.064516129032258,1.5,0.9838709677419355,1.3903225806451613,2.270967741935484,6.335483870967742,8.62258064516129,22104
2014-02,8.0,1022.7269230769232,66.29629629629629,7.52962962962963,13.251851851851852,2.5285714285714285,1.6714285714285713,2.2785714285714285,3.6642857142857146,7.203571428571428,8.932142857142857,22104
2014-03,5.78,1019.3612903225807,67.41935483870968,10.290322580645162,13.196774193548388,1.770967741935484,1.167741935483871,1.6258064516129032,2.5999999999999996,6.490322580645161,8.17741935483871,22104
2014-04,5.333333333333333,1016.64,73.53333333333333,13.95,14.906666666666666,1.3333333333333333,0.8925925925925926,1.286206896551724,2.0689655172413794,5.814814814814815,7.913793103448276,22104
2014-05,5.263333333333334,1011.49,79.96666666666667,16.62,16.53666666666667,1.1900000000000002,0.7899999999999999,1.1870967741935483,1.8806451612903226,5.576666666666667,7.451612903225806,22104
2014-06,5.386666666666667,1006.65,86.13793103448276,19.95862068965517,19.982758620689655,1.2733333333333334,0.8433333333333334,1.18,1.8666666666666667,5.796666666666667,7.409999999999999,22104
2014-07,4.4,1007.7766666666666,90.2,22.896666666666665,22.516666666666666,1.27,0.8466666666666666,1.2032258064516128,1.9096774193548387,7.246666666666667,9.119354838709677,22104
2014-08,6.774193548387097,1007.941935483871,86.12903225806451,23.580645161290324,23.638709677419353,2.1903225806451614,1.3516129032258064,1.8096774193548388,3.0903225806451613,7.093548387096774,8.806451612903226,22104
2014-09,6.283333333333333,1012.7933333333333,74.33333333333333,23.05666666666667,24.14,1.6166666666666667,0.99,1.3266666666666667,2.24,6.2,8.0,22104
2014-10,7.7555555555555555,1018.4599999999999,66.41935483870968,19.274193548387096,21.629032258064516,2.6055555555555556,1.5833333333333333,2.2600000000000002,3.85,7.033333333333333,9.035,22104
2014-11,5.2266666666666675,1020.2666666666667,61.166666666666664,14.193333333333333,17.976666666666667,1.4,0.88,1.2333333333333334,2.1,6.1433333333333335,8.126666666666667,22104
2014-12,6.658064516129032,1022.3354838709677,54.87096774193548,5.603225806451612,15.906451612903227,1.5806451612903225,1.0225806451612902,1.3258064516129033,2.1806451612903226,6.712903225806452,8.774193548387096,22104
2015-01,6.403225806451613,1022.1064516129032,58.12903225806452,6.248387096774193,14.048387096774194,1.7516129032258063,1.1225806451612903,1.5096774193548388,2.490322580645161,6.938709677419355,9.0,22104
2015-02,6.492857142857143,1020.75,58.107142857142854,6.375,13.342857142857143,1.707142857142857,1.1,1.5285714285714285,2.4785714285714286,6.903571428571429,8.728571428571428,22104
2015-03,4.680000000000001,1020.1322580645161,62.935483870967744,9.16451612903226,12.929032258064517,1.3741935483870968,0.8870967741935484,1.1935483870967742,1.9838709677419355,6.512903225806451,8.899999999999999,22104
2015-04,6.819999999999999,1015.9,79.76666666666667,12.479999999999999,13.766666666666667,1.9,1.22,1.73,2.7800000000000002,5.743333333333334,7.27,22104
2015-05,4.196774193548387,1009.7483870967742,86.35483870967742,15.951612903225806,16.206451612903226,0.9612903225806452,0.6333333333333333,0.8935483870967742,1.474193548387097,5.229032258064516,7.509677419354839,22104
2015-06,4.37,1007.3766666666667,90.53333333333333,19.046666666666667,19.58,1.2233333333333334,0.7866666666666667,1.0933333333333333,1.7866666666666666,6.073333333333333,7.47,22104
2015-07,6.17741935483871,1008.6709677419354,91.6774193548387,21.690322580645162,21.967741935483872,1.929032258064516,1.2516129032258063,1.7064516129032257,2.761290322580645,6.72258064516129,8.341935483870966,22104
2015-08,4.629032258064516,1007.9451612903225,87.80645161290323,24.73225806451613,25.725806451612904,1.467741935483871,1.010344827586207,1.3225806451612903,2.0806451612903225,6.996774193548387,9.074193548387097,22104
2015-09,7.16,1012.7733333333333,76.4,22.06,24.346666666666668,2.066666666666667,1.3366666666666667,1.8099999999999998,3.04,6.279310344827586,7.753333333333333,22104
2015-10,5.95483870967742,1017.5612903225807,66.06451612903226,18.351612903225806,21.387096774193548,1.4483870967741934,0.9258064516129032,1.2903225806451613,2.129032258064516,6.048387096774194,8.51290322580645,22104
2015-11,6.413333333333333,1021.2833333333333,74.13333333333334,14.313333333333333,18.256666666666668,2.0266666666666664,1.3133333333333332,1.7733333333333334,2.8666666666666667,6.86,8.54,22104
2015-12,6.34516129032258,1023.0612903225807,62.354838709677416,9.358064516129033,16.39032258064516,1.5483870967741935,1.0064516129032257,1.3741935483870968,2.274193548387097,6.061290322580645,8.203225806451613,22104
2016-01,6.883870967741935,1022.95,58.03225806451613,4.95483870967742,14.751612903225807,1.764516129032258,1.1483870967741936,1.5129032258064516,2.5387096774193547,6.203225806451614,8.23225806451613,22104
2016-02,6.520689655172413,1023.0413793103448,56.37931034482759,6.182758620689656,13.299999999999999,1.6758620689655173,1.0724137931034483,1.5413793103448277,2.5344827586206895,6.096551724137932,7.8999999999999995,22104
2016-03,5.732258064516128,1020.816129032258,68.38709677419355,9.616129032258065,13.86774193548387,1.535483870967742,1.0096774193548388,1.4161290322580644,2.270967741935484,5.770967741935484,7.509677419354838,22104
2016-04,5.636666666666667,1012.6166666666667,80.3,13.576666666666666,14.893333333333334,1.8299999999999998,1.16,1.8333333333333333,2.953333333333333,6.25,7.546666666666667,22104
2016-05,4.658064516129032,1011.7064516129033,85.83870967741936,16.73548387096774,16.893548387096775,1.3225806451612903,0.8225806451612904,1.2096774193548387,2.0580645161290323,5.425806451612903,7.370967741935484,22104
2016-06,4.489999999999999,1008.2533333333333,90.93333333333334,20.793333333333333,20.436666666666667,1.3866666666666667,0.8533333333333334,1.1700000000000002,2.006666666666667,6.323333333333333,7.833333333333333,22104
2016-07,4.351612903225806,1008.8032258064517,91.0,24.948387096774194,23.741935483870968,1.4129032258064516,0.864516129032258,1.1193548387096774,1.9161290322580644,6.267741935483872,7.525806451612904,22104
2016-08,5.516129032258065,1005.4903225806452,78.92857142857143,29.200000000000003,28.661290322580644,1.635483870967742,0.99,1.3096774193548388,2.270967741935484,5.696774193548387,7.474193548387096,22104
2016-09,6.327586206896552,1012.451724137931,81.52173913043478,24.641379310344828,24.96551724137931,2.0448275862068965,1.2482758620689656,1.66,2.8266666666666667,7.058620689655172,9.173333333333334,22104
2016-10,7.137931034482759,1017.8448275862069,75.03448275862068,20.362068965517242,22.06896551724138,2.110344827586207,1.2724137931034483,1.9612903225806453,3.1451612903225805,6.386206896551724,8.55483870967742,22104
2016-11,6.473333333333333,1021.2166666666667,66.14285714285714,15.020000000000001,20.14333333333333,1.7533333333333334,1.0666666666666667,1.49,2.5300000000000002,6.6899999999999995,8.673333333333334,22104
2016-12,6.341935483870968,1022.7483870967742,63.08695652173913,10.64516129032258,16.83225806451613,1.8096774193548388,1.0935483870967742,1.5096774193548386,2.6225806451612903,6.793548387096774,8.80967741935484,22104
2017-01,6.964516129032258,1023.0064516129032,58.25,7.519354838709678,15.326666666666666,1.8225806451612903,1.1225806451612903,1.461290322580645,2.5580645161290323,6.758064516129032,8.741935483870968,22104
2017-02,6.635714285714286,1021.1750000000001,56.642857142857146,8.203571428571427,14.377777777777778,1.8678571428571427,1.1500000000000001,1.5142857142857142,2.617857142857143,7.178571428571429,8.953571428571427,22104
2017-03,5.696774193548387,1018.5225806451613,61.16129032258065,10.94516129032258,14.403225806451612,1.429032258064516,0.8709677419354839,1.2999999999999998,2.167741935483871,5.796774193548386,7.629032258064516,22104
2017-04,6.03,1013.13,77.23333333333333,15.276666666666667,15.443333333333333,1.66,1.0233333333333332,1.5033333333333334,2.546666666666667,5.886666666666667,7.5633333333333335,22104
2017-05,4.829032258064516,1012.5806451612904,84.48387096774194,17.654838709677417,16.838709677419356,1.0548387096774194,0.6483870967741936,0.9064516129032258,1.5516129032258066,5.280645161290322,7.306451612903226,22104
2017-06,4.5,1008.94,87.5,20.233333333333334,19.596666666666668,1.1766666666666665,0.7233333333333333,1.0033333333333334,1.6533333333333333,5.91,7.433333333333334,22104
2017-07,4.525806451612904,1008.6419354838711,93.2258064516129,24.200000000000003,23.206451612903226,1.1451612903225807,0.7032258064516129,0.9612903225806452,1.632258064516129,5.903225806451613,7.496774193548387,22104
2017-08,5.941935483870967,1007.2645161290322,81.6774193548387,27.69677419354839,28.070967741935487,1.570967741935484,0.9806451612903225,1.2935483870967743,2.141935483870968,5.95483870967742,7.593548387096774,22104
2017-09,6.003448275862069,1012.0448275862069,74.13793103448276,24.133333333333336,25.151724137931033,1.6758620689655173,1.0310344827586206,1.4566666666666668,2.44,6.186206896551725,8.206666666666667,22104
2017-10,7.832142857142857,1018.4499999999999,72.21428571428571,20.639285714285712,22.525000000000002,2.4250000000000003,1.5142857142857142,2.020689655172414,3.3310344827586205,6.625,7.893103448275863,22104
2017-11,5.496666666666667,1021.35,57.56666666666667,13.786666666666667,19.256666666666668,1.3366666666666667,0.8166666666666667,1.13,1.91,6.496666666666667,9.013333333333332,22104
2017-12,6.077419354838709,1024.0225806451613,51.03225806451613,6.493548387096775,16.36774193548387,1.532258064516129,0.9387096774193548,1.2774193548387098,2.2,7.125806451612903,9.138709677419355,22104
2018-01,6.445161290322581,1022.0903225806452,54.774193548387096,4.712903225806452,14.029032258064515,1.7161290322580647,1.0774193548387097,1.4193548387096775,2.325806451612903,7.635483870967741,9.470967741935485,22104
2018-02,6.207407407407407,1022.074074074074,51.925925925925924,6.022222222222222,13.425925925925926,1.6111111111111112,1.0037037037037038,1.3821428571428573,2.307142857142857,6.7407407407407405,8.842857142857143,22104
2018-03,6.746666666666667,1019.4322580645162,73.03225806451613,11.010714285714286,13.206451612903225,2.454838709677419,1.5516129032258066,2.141935483870968,3.57741935483871,7.025806451612904,8.748387096774193,22104
2018-04,6.323333333333333,1015.8633333333333,79.26666666666667,14.28,14.33,1.7233333333333334,1.05,1.5599999999999998,2.643333333333333,6.003333333333333,7.9,22104
2018-05,5.5052631578947375,1012.5052631578947,86.15789473684211,16.86842105263158,16.226315789473684,1.6157894736842104,0.9684210526315788,1.3047619047619048,2.1952380952380954,5.526315789473684,7.1952380952380945,22104
2018-06,5.503333333333333,1008.4433333333333,88.63333333333334,20.863333333333333,20.353333333333335,1.5333333333333334,0.9233333333333333,1.2366666666666668,2.106666666666667,5.86,7.506666666666666,22104
2018-07,5.561290322580645,1008.6233333333333,90.83333333333333,25.23,25.120833333333334,1.7354838709677418,1.038709677419355,1.441935483870968,2.52258064516129,7.229032258064516,9.264516129032257,22104
2018-08,6.174193548387097,1007.9066666666666,85.8,27.779999999999998,27.66,1.8709677419354838,1.1387096774193548,1.5193548387096774,2.603225806451613,6.835483870967742,8.738709677419354,22104
2018-09,6.993333333333334,1012.4233333333334,81.4,23.383333333333333,24.05666666666667,2.0166666666666666,1.23,1.5966666666666667,2.756666666666667,6.626666666666667,8.51,22104
2018-10,5.962068965517242,1018.1321428571429,64.5,18.532142857142855,21.099999999999998,1.5724137931034483,0.9655172413793104,1.5733333333333335,2.51,6.020689655172413,8.22,22104
2018-11,5.133333333333334,1022.3633333333333,61.86666666666667,15.120000000000001,18.77,1.27,0.7766666666666667,1.1099999999999999,1.8766666666666665,5.986666666666666,8.139999999999999,22104
2018-12,7.183333333333334,1024.8290322580644,59.61290322580645,8.706451612903225,17.1,1.6225806451612905,0.9935483870967742,1.270967741935484,2.1870967741935483,6.432258064516129,8.361290322580645,22104
2019-01,6.487096774193549,1023.7516129032258,52.774193548387096,6.838709677419355,15.029032258064515,1.525806451612903,0.9354838709677419,1.2451612903225806,2.096774193548387,6.412903225806452,8.625806451612902,22104
2019-02,6.307142857142857,1022.1607142857143,57.75,8.460714285714285,15.146428571428572,1.542857142857143,0.9392857142857143,1.292857142857143,2.232142857142857,5.946428571428571,7.757142857142857,22104
2019-03,6.419354838709677,1016.5516129032258,63.0,11.44516129032258,14.880645161290323,1.6161290322580646,0.9838709677419355,1.4096774193548387,2.3451612903225807,5.787096774193548,7.819354838709677,22104
2019-04,6.1433333333333335,1014.9333333333333,71.5,13.31,15.126666666666667,1.6333333333333333,0.98,1.51,2.5133333333333336,5.739999999999999,7.496666666666667,22104
2019-05,4.675862068965517,1012.3461538461538,80.3076923076923,17.323076923076922,17.18076923076923,1.0620689655172415,0.6379310344827587,0.99,1.7133333333333334,4.789655172413793,6.77,22104
2019-06,5.044444444444444,1007.3296296296297,85.0,20.13703703703704,20.42222222222222,1.5346153846153845,0.9461538461538462,1.2607142857142857,2.1285714285714286,6.3538461538461535,7.875,22104
2019-07,5.709677419354839,1007.0483870967741,91.7741935483871,22.948387096774194,22.79032258064516,1.6129032258064515,0.9870967741935485,1.3064516129032258,2.2096774193548385,6.551612903225807,7.970967741935484,22104
2019-08,5.090322580645162,1006.7733333333333,85.10344827586206,26.13103448275862,26.586206896551722,1.6129032258064515,0.996774193548387,1.3548387096774193,2.3161290322580643,6.990322580645161,9.148387096774192,22104
2019-09,6.663333333333333,1013.9366666666666,83.8,23.11,24.196666666666665,2.3266666666666667,1.4666666666666666,2.14,3.4633333333333334,6.84,8.296666666666667,22104
2019-10,7.325806451612903,1017.2806451612903,70.70967741935483,19.69677419354839,22.116129032258065,2.4645161290322584,1.5193548387096774,2.2419354838709675,3.829032258064516,7.229032258064516,9.248387096774193,22104
2019-11,6.323333333333333,1021.17,63.13333333333333,14.873333333333333,18.653333333333332,1.65,1.02,1.51,2.643333333333333,6.2,8.446666666666665,22104
2019-12,6.132258064516129,1023.758064516129,58.83870967741935,9.403225806451612,15.925806451612903,1.4580645161290324,0.9064516129032258,1.2322580645161292,2.041935483870968,6.370967741935484,8.816129032258065,22104
2020-01,6.841935483870968,1021.2483870967742,61.0,8.596774193548388,14.764516129032257,2.261290322580645,1.3935483870967742,1.9580645161290324,3.1225806451612903,7.145161290322581,8.829032258064515,22104
2020-02,5.941666666666666,1023.7791666666667,59.916666666666664,8.308333333333334,13.658333333333333,1.7625,1.0833333333333333,1.548,2.612,7.55,9.331999999999999,22104
2020-03,6.851612903225806,1017.0322580645161,64.29032258064517,11.280645161290321,14.26774193548387,1.761290322580645,1.0741935483870966,1.4870967741935484,2.4612903225806453,6.361290322580645,8.296774193548387,22104
2020-04,6.573333333333333,1016.77,63.56666666666667,12.876666666666667,14.663333333333332,1.9466666666666665,1.1966666666666665,1.7833333333333334,2.9066666666666667,6.246666666666667,8.006666666666666,22104
2020-05,5.196000000000001,1010.4119999999999,87.48,16.26,16.316,1.392,0.84,1.2333333333333332,2.1296296296296298,5.236000000000001,7.059259259259259,22104
2020-06,5.0,1004.3299999999999,89.0,18.725,20.5,1.4636363636363638,0.9,1.2916666666666667,2.0749999999999997,5.918181818181818,7.191666666666666,22104
2020-07,4.780645161290322,1007.4774193548387,92.55555555555556,21.855555555555554,21.456666666666667,1.7933333333333332,1.0966666666666667,1.532258064516129,2.512903225806452,6.676666666666667,7.764516129032257,22104
2020-08,4.770967741935484,1009.9741935483871,89.80645161290323,25.280645161290323,25.30322580645161,1.7483870967741937,1.0838709677419356,1.5096774193548386,2.5387096774193547,6.480645161290322,8.448387096774193,22104
2020-09,7.739999999999999,1010.9133333333334,75.4,22.279999999999998,24.226666666666667,2.4633333333333334,1.51,2.2633333333333336,3.73,6.933333333333334,8.6,22104
2020-10,6.6433333333333335,1018.9733333333334,61.46666666666667,17.916666666666668,21.316666666666666,1.7233333333333334,1.06,1.441935483870968,2.42258064516129,5.983333333333333,7.729032258064516,22104
2020-11,5.966666666666667,1023.5,59.06666666666667,13.413333333333332,18.566666666666666,1.4066666666666667,0.8833333333333333,1.2666666666666666,2.0533333333333332,6.48,8.366666666666667,22104
2020-12,6.290322580645161,1024.6774193548388,51.29032258064516,6.503225806451613,16.283870967741937,1.2741935483870968,0.7935483870967742,1.0838709677419356,1.8161290322580643,6.267741935483872,8.441935483870967,22104
2021-01,7.041935483870968,1023.2225806451613,59.225806451612904,5.396774193548388,14.719354838709679,1.7967741935483872,1.1193548387096774,1.5548387096774194,2.606451612903226,7.248387096774193,9.061290322580644,22104
2021-02,7.332142857142857,1020.1785714285714,61.92857142857143,8.3,14.742857142857144,1.9785714285714284,1.2285714285714284,1.7035714285714287,2.789285714285714,6.728571428571429,9.096428571428572,22104
2021-03,6.874193548387097,1019.0419354838709,71.12903225806451,11.64516129032258,14.587096774193547,2.0129032258064514,1.2516129032258063,1.8096774193548388,2.929032258064516,6.164516129032258,7.72258064516129,22104
2021-04,7.104545454545455,1018.1933333333333,77.0,13.65,15.723333333333333,2.0551724137931036,1.2655172413793105,1.8099999999999998,3.103333333333333,5.413793103448276,7.87,22104
2021-05,5.435483870967742,1009.7129032258064,84.47619047619048,16.89047619047619,16.44516129032258,1.5516129032258066,0.9548387096774194,1.4870967741935484,2.5,6.132258064516129,7.741935483870968,22104
2021-06,4.923333333333333,1008.4533333333333,86.3,20.466666666666665,20.923333333333336,1.2566666666666668,0.7733333333333333,1.1099999999999999,1.84,5.77,7.28,22104
2021-07,6.164516129032258,1008.8032258064517,86.61290322580645,25.316129032258065,25.509677419354837,1.5451612903225806,0.9580645161290322,1.2258064516129032,2.0258064516129033,6.34516129032258,7.577419354838709,22104
2021-08,5.9,1008.4193548387096,82.3225806451613,25.929032258064513,27.04516129032258,1.932258064516129,1.2064516129032257,1.7032258064516128,2.793548387096774,6.83225806451613,8.716129032258063,22104
2021-09,7.757142857142857,1013.1428571428571,79.89285714285714,24.037037037037038,24.935714285714287,1.7090909090909092,1.0454545454545454,1.4461538461538461,2.4538461538461536,5.390909090909091,6.238461538461538,22104
2021-10,6.123333333333333,1020.051724137931,71.06896551724138,20.358620689655172,23.875862068965517,1.693103448275862,1.0793103448275863,1.3935483870967742,2.3806451612903223,4.651724137931034,5.435483870967742,22104
2021-11,6.1482758620689655,1018.9965517241379,60.827586206896555,14.748275862068965,18.858620689655172,1.389655172413793,0.8827586206896553,1.1933333333333331,2.0233333333333334,4.186206896551725,4.9399999999999995,22104
2021-12,6.793548387096774,1023.2806451612903,57.54838709677419,9.051612903225807,16.361290322580643,1.6161290322580646,1.0419354838709676,1.3387096774193548,2.2548387096774194,4.551612903225807,5.425806451612903,22104
2022-01,6.33225806451613,1022.6419354838711,51.483870967741936,6.874193548387097,14.829032258064515,1.6870967741935483,1.0903225806451613,1.4161290322580644,2.3193548387096774,4.82258064516129,5.925806451612903,22104
2022-02,7.13,1024.1130434782608,51.34782608695652,5.1521739130434785,13.178260869565218,1.6173913043478263,1.0521739130434782,1.3541666666666667,2.308333333333333,4.413043478260869,5.1875,22104
2022-03,10.3,1022.2,82.0,12.2,14.2,2.6,1.6,1.35,2.4000000000000004,4.6,4.699999999999999,22104
2022-04,5.7733333333333325,1017.0433333333333,77.43333333333334,14.513333333333332,15.066666666666666,1.5966666666666667,1.0166666666666666,1.3533333333333333,2.3266666666666667,4.28,5.033333333333333,22104
2022-05,5.032258064516129,1012.6290322580645,81.25806451612904,17.509677419354837,16.874193548387098,1.0290322580645161,0.6580645161290322,0.9806451612903225,1.6483870967741936,3.738709677419355,4.335483870967742,22104
2022-06,6.5,1008.6133333333333,92.73333333333333,21.08,20.31,1.78,1.1333333333333333,1.49,2.5166666666666666,4.506666666666666,5.073333333333333,22104
2022-07,4.438709677419355,1006.3419354838709,94.45161290322581,25.106451612903225,24.11935483870968,1.3612903225806452,0.88,1.1258064516129032,1.9161290322580644,4.596774193548387,5.32258064516129,22104
2022-08,5.493548387096775,1007.8387096774194,91.7741935483871,26.141935483870967,25.603225806451615,1.4709677419354839,0.9419354838709677,1.261290322580645,2.074193548387097,4.370967741935484,4.958064516129032,22104
2022-09,8.283333333333333,1011.6766666666666,80.43333333333334,24.123333333333335,24.853333333333335,2.6766666666666667,1.71,2.466666666666667,4.093333333333333,5.126666666666666,5.993333333333334,22104
2022-10,7.070967741935483,1020.3290322580646,70.09677419354838,19.45483870967742,22.393548387096775,1.8451612903225805,1.1774193548387097,1.6709677419354838,2.796774193548387,4.467741935483871,5.232258064516128,22104
2022-11,5.946666666666667,1019.9300000000001,63.766666666666666,16.666666666666668,20.133333333333333,1.4533333333333334,0.9266666666666666,1.3133333333333332,2.203333333333333,4.26,5.08,22104
2022-12,6.748387096774193,1022.8709677419355,56.12903225806452,6.806451612903226,17.177419354838708,1.6709677419354838,1.0741935483870966,1.441935483870968,2.4387096774193546,4.535483870967742,5.458064516129032,22104
2023-01,6.9,1022.8774193548387,59.54838709677419,6.877419354838709,14.916129032258064,1.6096774193548387,1.0466666666666666,1.3516129032258064,2.2129032258064516,4.370967741935484,5.258064516129032,22104
2023-02,6.371428571428572,1023.8928571428571,63.5,9.128571428571428,14.142857142857142,1.6107142857142858,1.0285714285714287,1.4392857142857143,2.4214285714285713,4.385714285714285,5.117857142857143,22104
2023-03,5.619354838709677,1019.9322580645162,71.96774193548387,13.419354838709678,15.548387096774194,1.2064516129032257,0.7838709677419355,1.103225806451613,1.7935483870967743,3.9387096774193546,4.596774193548387,22104
2023-04,7.451851851851852,1015.3037037037037,74.85185185185185,15.196296296296296,15.874074074074075,1.8925925925925926,1.2222222222222223,1.682758620689655,2.7517241379310344,4.388888888888889,5.096551724137932,22104
2023-05,5.254838709677419,1013.7451612903226,89.29032258064517,17.519354838709678,17.116129032258065,1.4774193548387096,0.9666666666666667,1.2967741935483872,2.174193548387097,4.309677419354839,5.016129032258065,22104
2023-06,4.489999999999999,1007.8966666666668,92.96666666666667,21.523333333333333,20.883333333333333,1.1233333333333335,0.7233333333333333,0.9700000000000001,1.5966666666666667,4.3566666666666665,5.03,22104
2023-07,3.9419354838709677,1009.0645161290323,97.03225806451613,24.593548387096774,23.299999999999997,1.5290322580645161,0.967741935483871,1.2032258064516128,2.035483870967742,5.216129032258064,5.906451612903226,22104
2023-08,6.283870967741936,1005.3419354838709,90.06451612903226,28.612903225806452,27.919354838709676,1.7580645161290323,1.1225806451612903,1.5193548387096774,2.5032258064516126,4.893548387096774,5.609677419354839,22104
2023-09,6.566666666666666,1012.26,84.93333333333334,26.563333333333333,26.71333333333333,1.6633333333333333,1.0733333333333335,1.4666666666666666,2.42,4.336666666666667,4.926666666666667,22104
2023-10,5.770967741935484,1017.9451612903225,66.41935483870968,20.796774193548387,22.190322580645162,1.3290322580645162,0.864516129032258,1.1709677419354838,1.8774193548387097,4.27741935483871,5.074193548387097,22104
2023-11,6.42,1020.6466666666668,64.26666666666667,13.15,19.08,1.5266666666666666,1.0,1.34,2.2199999999999998,4.423333333333333,5.23,22104
2023-12,6.692592592592592,1023.2464285714286,64.0,8.835714285714285,17.05,1.7111111111111112,1.1037037037037036,1.403225806451613,2.3451612903225807,4.4185185185185185,5.1,22104
2024-01,6.7733333333333325,1023.3516129032258,61.064516129032256,7.109677419354839,15.603225806451613,2.0466666666666664,1.3033333333333335,1.6741935483870967,2.958064516129032,4.956666666666666,6.067741935483871,22104
