³âµµ,¿ù,Æò±Õ Ç³¼Ó(m/s),Æò±Õ »ó´ë½Àµµ(%),Æò±Õ ±â¿Â(¡ÆC)
2008,1,9.1,51,1.5
2008,1,6.8,45,2.9
2008,1,6.4,51,6.2
2008,1,3.9,56,7
2008,1,4.3,47,7.5
2008,1,3.2,55,8.9
2008,1,4.9,55,10.1
2008,1,3,47,9.2
2008,1,4,51,9.4
2008,1,3.1,57,10.2
2008,1,9,76,10.7
2008,1,10.9,77,7.8
2008,1,8.7,71,6.1
2008,1,6.9,68,6.6
2008,1,6.5,46,5.6
2008,1,8.7,42,2.6
2008,1,7.9,55,1.8
2008,1,7.2,41,4.4
2008,1,7,55,6.2
2008,1,7.9,71,7.3
2008,1,13.3,76,7.6
2008,1,10.3,76,9
2008,1,8.8,64,5.6
2008,1,8,43,0.6
2008,1,6.2,53,1.4
2008,1,7.7,58,5.6
2008,1,6.3,63,6.1
2008,1,7.3,77,5.9
2008,1,6.2,58,4.3
2008,1,6.7,50,3.6
2008,1,7.6,47,2.2
2008,2,5.2,37,3
2008,2,4.5,39,5.6
2008,2,6.6,48,4.8
2008,2,7.7,47,3.3
2008,2,5.6,48,1.9
2008,2,7.9,43,3.3
2008,2,6.1,47,2.4
2008,2,5.4,48,2.9
2008,2,8.2,47,3
2008,2,6,56,5.7
2008,2,5.3,39,7.4
2008,2,10.2,39,1.7
2008,2,8.5,42,0
2008,2,7.7,42,3.1
2008,2,7.4,38,3.6
2008,2,7.4,41,1.9
2008,2,5.7,35,2.8
2008,2,4.2,41,5
2008,2,6.3,37,5.6
2008,2,5.7,40,7.7
2008,2,5.7,42,8.4
2008,2,4.5,54,9.4
2008,2,9.8,41,5.3
2008,2,8.2,51,3
2008,2,5,55,6.7
2008,2,7.6,71,5.2
2008,2,7.5,42,5
2008,2,6.7,47,6.4
2008,2,8.9,58,9.6
2008,3,6.6,42,7.4
2008,3,5.1,61,10.1
2008,3,5.7,47,8.8
2008,3,7.7,55,5
2008,3,5.1,53,6.4
2008,3,6.3,49,8.6
2008,3,4.9,49,7.3
2008,3,4.2,55,8.7
2008,3,5,57,10.3
2008,3,6.6,52,10.1
2008,3,3,60,11.9
2008,3,7.1,74,11.9
2008,3,3,81,12.3
2008,3,7.1,67,10.9
2008,3,4.6,64,10.5
2008,3,4.6,49,11.9
2008,3,5,54,11.6
2008,3,7.3,70,12.2
2008,3,10.5,72,10.8
2008,3,11.5,62,9.1
2008,3,10.5,69,10.2
2008,3,7.5,72,11.5
2008,3,8.8,80,12.3
2008,3,8.9,66,11.3
2008,3,9.6,47,10.3
2008,3,6,53,8.5
2008,3,4.6,64,10.5
2008,3,5.7,54,9.2
2008,3,7.8,65,10
2008,3,8.2,77,9.4
2008,3,7.9,59,10
2008,4,6.7,56,11.1
2008,4,7.2,59,11.5
2008,4,7.7,53,12.1
2008,4,9.9,65,15.5
2008,4,5.9,49,
2008,4,,62,
2008,4,3.4,93,17
2008,4,6.9,99,16.1
2008,5,2.2,97,17.2
2008,5,1.9,85,19.3
2008,5,0.3,91,19.6
2008,5,5,97,18.5
2008,5,5.4,86,17.3
2008,5,3.9,79,17.3
2008,5,6.1,90,17.7
2008,5,4.3,88,18.1
2008,5,12.4,80,17.5
2008,5,13.6,74,16
2008,5,10.5,72,15.4
2008,5,12.2,75,16.3
2008,5,7.1,79,15.6
2008,5,3.4,78,15.8
2008,5,4.2,83,17.1
2008,5,2.4,83,17.8
2008,5,2,83,18.9
2008,5,5,91,19.5
2008,5,5.4,88,18
2008,5,6.3,71,16.6
2008,5,4.8,90,17.9
2008,5,2.7,97,18.3
2008,5,2.1,93,19.5
2008,5,4.8,98,18.2
2008,5,3.3,97,18.9
2008,5,2.9,91,20
2008,5,1.2,96,19.7
2008,5,5,98,19.6
2008,5,8.6,92,19.5
2008,5,4.6,94,18.9
2008,5,3,73,19.5
2008,6,2.3,87,19.7
2008,6,7.6,88,20
2008,6,10,89,19.8
2008,6,10.7,87,18.7
2008,6,6.2,92,18.9
2008,6,4.7,91,19.3
2008,6,2.8,91,19.8
2008,6,1.8,93,19.8
2008,6,0.8,92,20.9
2008,6,0.7,98,21.1
2008,6,8.9,87,21
2008,6,3.9,71,20.9
2008,6,3.1,79,21.5
2008,6,10.1,86,21.1
2008,6,13.2,81,20.3
2008,6,12.4,84,20.1
2008,6,10.7,92,20.8
2008,6,9.5,96,23.1
2008,6,5.5,97,21.4
2008,6,3.5,99,21.6
2008,6,6.8,98,21.2
2008,6,8.6,91,21.7
2008,6,10.2,83,21
2008,6,9.4,87,21
2008,6,10.1,85,21.3
2008,6,6.3,79,21.3
2008,6,1.8,84,22
2008,6,7.9,94,21.5
2008,6,6.8,92,22
2008,6,6.9,86,21.9
2008,7,3.4,89,21.8
2008,7,3.1,98,22.6
2008,7,6,99,22.5
2008,7,4.6,99,22.7
2008,7,4.3,100,22.6
2008,7,5.1,100,22.6
2008,7,5.5,100,22.3
2008,7,1.8,97,23.6
2008,7,0.7,93,25
2008,7,3.2,94,25.3
2008,7,3.6,95,25.2
2008,7,2.5,96,26.1
2008,7,3.4,98,26.3
2008,7,3.4,98,26.2
2008,7,2,95,26.7
2008,7,3.4,96,26.7
2008,7,3.5,97,26.7
2008,7,4.6,96,26
2008,7,2.7,98,27.1
2008,7,5.7,95,27.9
2008,7,5.4,95,25.8
2008,7,4.3,97,24.9
2008,7,1.2,94,26.8
2008,7,2.7,96,27.7
2008,7,4.1,95,27.7
2008,7,2.4,95,27
2008,7,2.2,95,27
2008,7,,96,27.8
2008,7,3.2,94,27.6
2008,7,2.7,94,27
2008,7,1.5,90,27.8
2008,8,2.4,93,27.6
2008,8,5.5,95,26.1
2008,8,6,96,24.5
2008,8,0.8,94,25.4
2008,8,0.9,95,25.1
2008,8,4.5,94,25.7
2008,8,8.3,84,26.7
2008,8,7.6,89,27.6
2008,8,6.3,91,28.3
2008,8,8.5,90,28.9
2008,8,6.4,91,29.1
2008,8,3.4,91,29.1
2008,8,5.8,89,28.8
2008,8,3,89,28.3
2008,8,4,91,27.7
2008,8,9,88,25.9
2008,8,8.9,80,26.8
2008,8,7.1,89,28.6
2008,8,7.7,84,27
2008,8,4.2,70,26.6
2008,8,9.9,75,25.5
2008,8,8.5,84,26.9
2008,8,9.2,82,26.4
2008,8,9.9,77,25.3
2008,8,9,75,25
2008,8,11.1,75,25
2008,8,8.7,78,25.2
2008,8,7.2,79,25.4
2008,8,9.4,77,25.6
2008,8,10.4,77,25.1
2008,8,10.1,84,24.9
2008,9,4.4,93,26.5
2008,9,6.7,87,25.4
2008,9,6.8,77,24.8
2008,9,8.6,80,24.6
2008,9,8.2,82,25.1
2008,9,7.7,82,25.3
2008,9,7.2,74,25.3
2008,9,7.4,77,25
2008,9,8.5,77,25.5
2008,9,4,79,25.5
2008,9,2.3,86,26.3
2008,9,2.5,87,26.5
2008,9,7.5,83,26.6
2008,9,6.3,83,26.5
2008,9,4.2,82,26.3
2008,9,5.8,85,26.6
2008,9,7.4,88,26.8
2008,9,8.2,80,27
2008,9,5.6,83,26.5
2008,9,6,82,25.5
2008,9,3.6,74,26
2008,9,,84,26.5
2008,9,7,77,25.7
2008,9,5.5,83,26
2008,9,8.2,53,22.8
2008,9,5.9,54,20.8
2008,9,7.2,64,22.5
2008,9,6.9,76,21.4
2008,9,7.6,78,23.3
2008,10,10.3,72,23.9
2008,10,6.5,63,23
2008,10,3.7,73,23.2
2008,10,3.6,74,23.8
2008,10,5.1,80,23.8
2008,10,2.8,74,23.5
2008,10,4.4,70,23
2008,10,5.4,71,23.1
2008,10,3.1,74,23.7
2008,10,3.2,79,23.8
2008,10,6.6,64,21.5
2008,10,2.8,66,21.4
2008,10,2.2,70,21.3
2008,10,3,60,22.1
2008,10,2.9,56,22.1
2008,10,4.1,65,22.7
2008,10,4.9,72,23.1
2008,10,6.1,76,23.3
2008,10,3.8,76,22.7
2008,10,5.9,73,22.9
2008,10,6.8,78,22.9
2008,10,5.6,77,23.1
2008,10,6.1,90,23.3
2008,10,6.7,59,20.2
2008,10,6.3,55,17.1
2008,10,8.3,58,20.5
2008,10,4.8,51,17.6
2008,10,5,58,17.1
2008,10,5.6,58,18.3
2008,10,4.5,55,19
2008,10,5.2,63,18.8
2008,11,5.6,57,17
2008,11,7.1,72,18.8
2008,11,4.8,67,19.3
2008,11,4.6,52,16.9
2008,11,3.5,67,18.5
2008,11,1.6,78,19.7
2008,11,4.1,76,19.7
2008,11,9.3,81,17.1
2008,11,9.4,77,16.6
2008,11,10.2,72,16
2008,11,10,67,16
2008,11,7.1,68,17.3
2008,11,4.8,66,18.5
2008,11,1.6,68,18.4
2008,11,2.8,67,18.7
2008,11,5.5,57,18.1
2008,11,8.5,48,14.1
2008,11,8.3,50,8.2
2008,11,7.7,52,5.8
2008,11,6.6,57,8.6
2008,11,8.4,49,13.4
2008,11,5,45,11.3
2008,11,2.8,51,14.9
2008,11,8,75,13.7
2008,11,4.7,61,13.4
2008,11,3.6,58,13
2008,11,3.3,68,12
2008,11,6.8,68,11.6
2008,11,10,54,11.9
2008,11,5.7,45,9.9
2008,12,4.4,57,13.1
2008,12,4.9,61,16.8
2008,12,5,68,15.8
2008,12,8.1,71,17.5
2008,12,9.2,58,6.1
2008,12,6.2,56,1.6
2008,12,3,62,6.5
2008,12,4.8,67,13.9
2008,12,4.8,51,16.4
2008,12,4.6,69,17.4
2008,12,7.3,64,15.4
2008,12,5.3,58,10.8
2008,12,6.9,56,12.2
2008,12,11,48,8.3
2008,12,6.2,58,9.2
2008,12,4.5,60,10.8
2008,12,5.6,67,13.4
2008,12,6.3,45,10.4
2008,12,6.4,50,10.2
2008,12,6.1,77,15.3
2008,12,6.4,82,10.1
2008,12,10.3,59,5.5
2008,12,5.3,55,6.5
2008,12,5,65,9.2
2008,12,8.7,53,8.8
2008,12,8.8,45,5.1
2008,12,6.4,39,7.1
2008,12,4.5,58,8.9
2008,12,4.5,52,10.9
2008,12,6.1,56,6.7
2008,12,7.5,55,3.8
2009,1,9.4,56,3.2
2009,1,9.1,50,6.4
2009,1,6.1,42,8.6
2009,1,6.2,42,9.1
2009,1,7.1,50,8.4
2009,1,4,60,7.5
2009,1,5.2,43,9.4
2009,1,6.3,47,9.7
2009,1,9.7,47,6.8
2009,1,9.4,53,3.4
2009,1,8.8,58,4.4
2009,1,8.6,53,2.4
2009,1,7.9,52,3.2
2009,1,7.7,56,4.2
2009,1,6.4,48,2.4
2009,1,5.8,54,5.7
2009,1,1.5,63,9.4
2009,1,6.3,73,13.2
2009,1,5,43,8.5
2009,1,3.5,53,9.4
2009,1,3.9,68,9.1
2009,1,4.6,65,10
2009,1,9.5,60,4.4
2009,1,8.7,56,0.7
2009,1,8.3,58,4.1
2009,1,7,52,5.8
2009,1,5.6,54,5.4
2009,1,6.1,66,9.8
2009,1,6.9,83,11.5
2009,1,11.2,85,12.3
2009,2,6.8,73,12.7
2009,2,4.8,73,13
2009,2,5.5,55,13.2
2009,2,5.2,66,11.9
2009,2,3.8,,
2009,2,5.4,57,10.8
2009,2,6.2,62,9.7
2009,2,6.7,69,12.5
2009,2,5.3,70,14.4
2009,2,11.5,91,16.8
2009,2,4.6,70,14
2009,2,4.5,61,11.9
2009,2,8.9,44,4.7
2009,2,5.9,40,4.1
2009,2,5.4,41,7.2
2009,2,5.6,71,9.3
2009,2,8.1,61,7.6
2009,2,6,57,5.7
2009,2,8.8,85,12.3
2009,2,9.3,73,12.5
2009,2,5.1,73,13.3
2009,2,5,77,13.2
2009,2,7,72,12.3
2009,2,6.4,78,11.5
2009,2,5.8,66,12.1
2009,3,5.6,43,11.9
2009,3,10.4,66,9.8
2009,3,8.3,84,8.9
2009,3,5.2,75,10.7
2009,3,5.8,77,13.2
2009,3,8.4,58,10.9
2009,3,5.9,45,8.4
2009,3,4.1,51,12.2
2009,3,3.5,48,13.3
2009,3,6.3,49,13.2
2009,3,5.2,48,11.5
2009,3,6.1,54,13.4
2009,3,10.2,78,13.3
2009,3,8.7,48,6.4
2009,3,8.1,54,9.7
2009,3,9.7,80,14.6
2009,3,5.8,86,15.4
2009,3,6.7,92,17.3
2009,3,5.1,94,17
2009,3,12.5,75,12.7
2009,3,7,78,14.9
2009,3,8.7,89,15.9
2009,3,5.1,67,13
2009,3,6.2,46,11.3
2009,3,7.5,46,8.6
2009,3,9.5,48,10.6
2009,3,5.2,43,10
2009,3,5.3,45,10.3
2009,3,8.3,68,11.2
2009,3,6,60,11.8
2009,3,4.4,61,13.1
2009,4,7.7,51,9.8
2009,4,7.5,58,11.3
2009,4,6.4,63,13.7
2009,4,5.4,51,14.5
2009,4,4.7,62,14.5
2009,4,5.8,62,15.2
2009,4,5.5,73,15.7
2009,4,5.2,88,15.7
2009,4,2.2,88,16
2009,4,4,86,16.3
2009,4,3.3,86,16.6
2009,4,4.3,89,16.3
2009,4,3.3,87,16.7
2009,4,9.2,83,15.1
2009,4,6,83,15.4
2009,4,7.7,79,14.4
2009,4,4,76,15.4
2009,4,4.5,79,16.3
2009,4,2.8,88,17.3
2009,4,9.2,91,17.1
2009,4,10.8,76,15.5
2009,4,8,61,16.5
2009,4,7.4,66,14.7
2009,4,7.9,80,15.7
2009,4,7,78,15.2
2009,4,5.8,66,13.4
2009,4,4.7,70,14.1
2009,4,4.9,62,16.2
2009,4,3.2,77,16.4
2009,4,4,81,16.3
2009,5,4.2,87,16.6
2009,5,3.6,92,17.4
2009,5,3,93,17
2009,5,3.4,92,17.1
2009,5,2,91,17.5
2009,5,2.8,88,17.3
2009,5,2.3,88,17.6
2009,5,1.5,78,19.9
2009,5,5,85,18.7
2009,5,4.5,92,18.5
2009,5,3.8,94,19
2009,5,5.7,97,18.2
2009,5,4.7,81,18.5
2009,5,3.6,68,19.5
2009,5,5.7,75,18.7
2009,5,5.9,90,18.9
2009,5,8.7,85,18.3
2009,5,5.6,74,17.3
2009,5,4.9,84,18.1
2009,5,2.2,91,18.6
2009,5,6.2,91,18.3
2009,5,4.6,93,17.7
2009,5,3.3,92,17.8
2009,5,4.4,86,18.3
2009,5,,89,18.6
2009,5,1.3,90,19
2009,5,6.8,82,19.1
2009,5,9.9,83,18.6
2009,5,10.2,80,18.1
2009,5,5.1,79,17.4
2009,5,4,78,18.7
2009,6,5.2,85,19.5
2009,6,6.6,92,19.6
2009,6,3.2,90,18.9
2009,6,2.4,93,19.4
2009,6,2.4,96,22.1
2009,6,4.3,100,21.6
2009,6,4.4,99,20.9
2009,6,2.5,89,21
2009,6,4,77,21.5
2009,6,5.1,87,20.8
2009,6,4.4,95,20.7
2009,6,1.8,96,21.6
2009,6,1.9,94,22.8
2009,6,5.9,95,22.2
2009,6,3.9,94,21
2009,7,3.8,81,21.7
2009,7,3.6,88,21.9
2009,7,3.1,90,21.7
2009,7,2,88,22.2
2009,7,3.4,89,22.7
2009,7,3.4,90,22.8
2009,7,8.7,94,22.9
2009,7,3.3,96,21.5
2009,7,9.2,94,22.5
2009,7,5.7,93,20.5
2009,7,2.7,93,21
2009,7,7,95,22.7
2009,7,,96,22.9
2009,7,6.9,95,24.3
2009,7,7.9,92,22.1
2009,7,4.5,95,22.3
2009,7,5.9,96,23.1
2009,7,7.4,95,24
2009,7,6.2,95,23.2
2009,7,3.3,95,23
2009,7,5.9,94,23
2009,7,4.7,85,22.7
2009,7,5.1,81,23.7
2009,7,8.1,85,22.7
2009,7,6.9,83,23
2009,7,10,82,23.2
2009,7,7.3,77,23.4
2009,7,9.6,85,23.3
2009,7,8.3,84,23.5
2009,7,8.5,78,23.8
2009,7,8.1,78,23.9
2009,8,7.3,76,24.1
2009,8,8.3,75,24.1
2009,8,9,80,23.9
2009,8,9.8,79,24.2
2009,8,11.4,79,24.4
2009,8,11.7,86,24.4
2009,8,9.3,88,24.7
2009,8,10.7,87,25
2009,8,12,85,24.6
2009,8,9.3,86,25.1
2009,8,6.1,91,25.2
2009,8,7.7,92,26.3
2009,8,4.8,90,24.8
2009,8,3,87,25.2
2009,8,5.6,82,25.1
2009,8,9.9,86,25.2
2009,8,8.9,87,25.8
2009,8,3.9,86,26.4
2009,8,1.6,89,26.4
2009,8,4.7,92,26.6
2009,8,5.2,92,26.4
2009,8,3.6,74,26.7
2009,8,3.4,65,26.7
2009,8,6.6,68,25.8
2009,8,4.7,64,25.5
2009,8,3.5,67,26
2009,8,7.8,78,27.4
2009,8,3.8,88,26.4
2009,8,9.8,70,26
2009,8,11.7,70,24.9
2009,8,12.1,68,24.8
2009,9,11.8,68,24.3
2009,9,10.7,71,24.2
2009,9,9.6,75,24.5
2009,9,9,78,24.5
2009,9,8.1,74,24.3
2009,9,5.1,74,24.3
2009,9,3.4,78,24.7
2009,9,7.7,76,24.2
2009,9,3.4,68,24.1
2009,9,1.9,,
2009,9,2,71,24.2
2009,9,7.8,71,22.7
2009,9,2.8,58,23
2009,9,3.6,69,23.3
2009,9,4.3,62,23.1
2009,9,5.2,64,23.7
2009,9,4.5,54,24.1
2009,9,6.5,64,23.5
2009,9,12.1,62,22.4
2009,9,9.3,62,22.5
2009,9,3.8,69,22.8
2009,9,5.7,75,22.9
2009,9,4.9,83,23.1
2009,9,3.6,84,23.5
2009,9,4.8,81,23.4
2009,9,7.6,77,23.7
2009,9,8.5,79,23.1
2009,9,7.5,80,23.3
2009,9,9.4,76,23.7
2009,9,8.6,75,23.2
2009,10,6.6,79,22.7
2009,10,4.7,75,22.2
2009,10,6.5,41,21.7
2009,10,3,60,22.2
2009,10,5.8,48,21.4
2009,10,8.4,58,21.2
2009,10,14.5,63,21.3
2009,10,9.8,55,19.7
2009,10,4.1,56,19
2009,10,2.7,59,19.9
2009,10,4.2,57,20.3
2009,10,2.8,65,20.2
2009,10,5.6,49,19.7
2009,10,6,60,18.5
2009,10,4.5,58,18.9
2009,10,4,52,19.9
2009,10,8.4,57,19.3
2009,10,6.4,53,18.7
2009,10,10,54,19.4
2009,10,4.2,47,16.6
2009,10,4,56,18.8
2009,10,3.1,44,18.6
2009,10,2.3,63,18.6
2009,10,10.1,71,19.4
2009,10,10.3,67,18.7
2009,10,5.9,65,19
2009,10,3.4,69,19.3
2009,10,1.7,79,19.1
2009,10,1.4,77,19.7
2009,10,3.2,69,20.5
2009,10,4.5,82,20.6
2009,11,6.7,61,18.6
2009,11,11,45,10.8
2009,11,8,47,9.8
2009,11,7.8,63,14.3
2009,11,5.7,64,18.4
2009,11,2.4,75,18.9
2009,11,2.1,85,19.4
2009,11,4.5,88,19.5
2009,11,7.1,84,18.7
2009,11,14.3,79,17.7
2009,11,16.5,70,14.5
2009,11,15.1,68,14.9
2009,11,10,82,15.8
2009,11,8,60,13.6
2009,11,6.6,49,8.9
2009,11,8.3,45,7.8
2009,11,9.9,56,6.7
2009,11,7.1,42,7.1
2009,11,5.2,44,9.7
2009,11,6.9,53,9.3
2009,11,3.5,43,8.9
2009,11,4.3,47,10
2009,11,2.3,46,11.9
2009,11,5.4,64,13.7
2009,11,4.1,61,14.2
2009,11,4.2,63,15.2
2009,11,3,69,15.4
2009,11,8.7,68,13.3
2009,11,8.5,79,12.9
2009,11,9.3,74,10.9
2009,12,6.7,51,11.6
2009,12,4.3,57,12.2
2009,12,7.6,52,11.2
2009,12,4.4,66,11.3
2009,12,9.8,58,9.8
2009,12,8,43,5.8
2009,12,5.7,41,7.9
2009,12,5.2,53,11.2
2009,12,7.7,64,13
2009,12,8.6,78,15
2009,12,4.6,76,14.5
2009,12,5.6,59,13.6
2009,12,5.5,51,12
2009,12,7.6,31,9.6
2009,12,7.6,34,6.3
2009,12,10,42,2.6
2009,12,6.5,51,3.2
2009,12,8.5,51,1.7
2009,12,7.8,50,2.6
2009,12,7.7,50,4.7
2009,12,5.9,43,4.3
2009,12,6.4,54,9.1
2009,12,5,54,12.5
2009,12,5.7,65,12.6
2009,12,5.5,58,12
2009,12,7.2,43,5.1
2009,12,8,52,6.4
2009,12,4.6,51,3.2
2009,12,3.3,58,6.4
2009,12,8.7,52,7.2
2009,12,8.2,50,0.3
2010,1,4.9,48,1.7
2010,1,4.9,53,8.7
2010,1,4.1,39,4.7
2010,1,8.3,58,7.8
2010,1,8.2,49,2.1
2010,1,8.2,51,1
2010,1,8.5,59,1
2010,1,7.1,53,3.2
2010,1,4.2,44,5.1
2010,1,3.9,56,6.1
2010,1,6.8,53,5
2010,1,7.6,45,2.1
2010,1,7.7,49,-0.7
2010,1,4.3,49,1.4
2010,1,3.5,53,5.4
2010,1,5.1,37,5.2
2010,1,3.8,30,7
2010,1,2.8,38,9.4
2010,1,,64,11.6
2010,1,,88,15.2
2010,1,6.6,63,10.7
2010,1,7.3,45,3.8
2010,1,7.1,50,3.5
2010,1,6.3,52,5.4
2010,1,8,45,8
2010,1,5.7,39,4.9
2010,1,4.4,71,11.4
2010,1,6.5,56,10.3
2010,1,5.9,37,6.9
2010,1,3.9,45,7.4
2010,1,3.2,58,10.7
2010,2,6.8,61,9.9
2010,2,7.3,42,5.5
2010,2,7,39,2.4
2010,2,6.3,41,3
2010,2,7.3,40,5.6
2010,2,4.7,33,4.4
2010,2,2.6,52,8.9
2010,2,3.5,84,11.9
2010,2,6,85,12.7
2010,2,10.1,83,11.5
2010,2,14.8,80,9.1
2010,2,9.7,78,6.5
2010,2,6.8,70,5.6
2010,2,6.9,58,6.2
2010,2,7.5,53,7.8
2010,2,6.2,52,6.2
2010,2,6.2,45,6.3
2010,2,7.3,43,5.3
2010,2,7,43,6.1
2010,2,3.9,33,8.5
2010,2,2.5,51,11.2
2010,2,4.9,68,12.5
2010,2,3.5,74,13
2010,2,3,82,14.8
2010,2,9.9,85,17.1
2010,2,11.6,83,12
2010,2,11.5,70,10.8
2010,2,3.8,74,11.5
2010,3,9.8,82,11.9
2010,3,5.8,76,10.7
2010,3,11.4,63,10.7
2010,3,9,83,11.8
2010,3,6.2,81,12.5
2010,3,12.5,76,11.6
2010,3,13,72,8.7
2010,3,12.6,69,8.7
2010,3,10.1,77,7.5
2010,3,9.6,75,3.6
2010,3,7.2,59,7
2010,3,12,69,14
2010,3,4.9,54,13.5
2010,3,7.4,67,14.1
2010,3,7.6,79,15.2
2010,3,7.7,36,8.9
2010,3,3.4,35,8.1
2010,3,5.1,59,9.8
2010,3,6.9,64,10.6
2010,3,11,76,15.7
2010,3,9,35,9.8
2010,3,4.1,52,9.9
2010,3,7.3,75,10.8
2010,3,11,64,11.7
2010,3,5.7,63,9.7
2010,3,8,34,7
2010,3,7.3,53,10.4
2010,3,7,53,11.5
2010,3,5.8,48,9.7
2010,3,4,53,10.7
2010,3,7.5,81,13.7
2010,4,5.7,90,13
2010,4,7.8,43,11.5
2010,4,5.2,32,10.2
2010,4,1.1,57,11.9
2010,4,2,73,14.1
2010,4,7,83,14.3
2010,4,10.4,60,10.9
2010,4,3.9,61,11.4
2010,4,3.5,75,14.3
2010,4,2,86,14.5
2010,4,10.7,79,14.2
2010,4,9.1,80,13.3
2010,4,8.8,52,12.7
2010,4,6.9,48,8
2010,4,8.6,58,9.3
2010,4,5.1,52,11.7
2010,4,4.6,63,13.2
2010,4,2,69,14.6
2010,4,2,85,15.4
2010,4,5,88,15.4
2010,4,12.8,80,13.7
2010,4,12.6,77,13
2010,4,4.5,75,12.6
2010,4,4.1,61,13.3
2010,4,3.2,64,14.7
2010,4,3.8,72,15.7
2010,4,10.3,68,14.1
2010,4,8.8,56,12.7
2010,4,11.2,54,12.9
2010,4,7.7,64,14.2
2010,5,5.5,59,14.5
2010,5,3,83,15.9
2010,5,4.8,93,16
2010,5,4.6,94,15.8
2010,5,2.6,94,16.6
2010,5,7.6,93,17
2010,5,5.5,69,16.3
2010,5,3.7,73,17
2010,5,3.3,86,17.1
2010,5,2.7,83,17.4
2010,5,5.9,80,16.3
2010,5,4.5,75,15.9
2010,5,4.2,71,17
2010,5,5.3,67,16.6
2010,5,3.1,72,16.9
2010,5,3.1,78,17.5
2010,5,1.9,89,17.8
2010,5,6.5,89,19.1
2010,5,5.7,92,17.9
2010,5,3.9,92,16.8
2010,5,1.4,84,18.9
2010,5,5.7,85,18.4
2010,5,6.8,91,17.8
2010,5,11.9,86,16.9
2010,5,7.6,80,17.1
2010,5,5.3,75,16.7
2010,5,8.7,71,15.7
2010,5,6,75,16.2
2010,5,9.4,78,16.6
2010,5,10.5,69,16.5
2010,5,10.3,69,16.8
2010,6,9.2,71,16.9
2010,6,6.3,82,18.2
2010,6,2.5,81,19.5
2010,6,2.2,80,20
2010,6,0.7,79,20.8
2010,6,2.6,86,20.6
2010,6,6.5,80,20.6
2010,6,7.3,78,20.8
2010,6,4.6,79,20.6
2010,6,2.7,75,21.5
2010,6,5.4,82,21.6
2010,6,6.2,84,22
2010,6,7.1,83,22.4
2010,6,5.3,84,22.3
2010,6,1.9,88,22.2
2010,6,5,88,22
2010,6,3.3,88,22.3
2010,6,6.2,88,22.3
2010,6,3,88,22.7
2010,6,3.9,91,23.2
2010,6,4.5,90,22.6
2010,6,6.6,87,21.7
2010,6,5,77,22.6
2010,6,1.6,80,22.9
2010,6,6.4,85,23.1
2010,6,5.2,93,23
2010,6,5.1,93,21.9
2010,6,1.8,94,21.9
2010,6,3,95,21.7
2010,6,3.7,95,21.8
2010,7,1.9,95,22.7
2010,7,2.5,95,23.7
2010,7,5.7,95,23.1
2010,7,4.8,92,23.2
2010,7,4.3,93,23.3
2010,7,4.1,91,23.8
2010,7,6.1,92,23.2
2010,7,6.2,87,23.4
2010,7,1.7,89,24.1
2010,7,,92,24.3
2010,7,6.5,94,23.7
2010,7,4.8,92,22.6
2010,7,5.1,94,22.8
2010,7,6.7,87,23.2
2010,7,3.4,91,23.5
2010,7,5.9,93,24.3
2010,7,4.6,94,24.3
2010,7,1,93,24.8
2010,7,1,91,25.9
2010,7,,83,27.6
2010,7,3.6,89,27.1
2010,7,4.2,93,26.9
2010,7,4.8,93,26
2010,7,,90,27.1
2010,7,1.5,,
2010,7,1.2,,
2010,8,0.4,,
2010,8,2.6,,
2010,8,6.2,88,25.3
2010,8,2.5,88,26.7
2010,8,2.3,85,27.9
2010,8,3.6,87,27.6
2010,8,1.9,82,27.5
2010,8,2.4,81,27.5
2010,8,5.7,84,27.6
2010,8,6.6,82,27.7
2010,8,13.2,89,24.2
2010,8,6,93,22.6
2010,8,5.6,96,23.8
2010,8,6.8,95,24.2
2010,8,7.9,93,24.7
2010,8,6.9,94,25.2
2010,8,4,94,25.2
2010,8,2.4,95,25.3
2010,8,5.5,89,25.9
2010,8,2.7,90,26.3
2010,8,1.9,86,27.4
2010,8,3.5,85,27.3
2010,8,4.1,89,27.3
2010,8,2.9,93,26.8
2010,8,3.4,93,26.9
2010,8,3,89,27.9
2010,8,6.1,,28
2010,8,6.6,79,28.7
2010,8,5.6,,27.7
2010,8,2.2,,26.6
2010,8,1.8,,26.9
2010,9,4.7,,28.1
2010,9,7.2,,26
2010,9,1.9,,26.1
2010,9,1.9,,26.9
2010,9,1.8,,27.5
2010,9,6.7,,26.3
2010,9,10.8,,24.8
2010,9,8.7,66,23.3
2010,9,3.6,74,23.6
2010,9,3,,25.6
2010,9,6.3,,26
2010,9,8.4,,24.7
2010,9,3.2,,23.4
2010,9,4.3,,23.8
2010,9,5.6,70,23.5
2010,9,5.3,69,24.1
2010,9,2.1,78,24.2
2010,9,2.9,76,24.9
2010,9,2.6,,25.1
2010,9,5.2,,
2010,9,6.8,,25.5
2010,9,8.8,,21.7
2010,9,9.4,68,20.7
2010,9,10.5,62,21.3
2010,9,9.6,63,20.8
2010,9,7,66,21.2
2010,9,4.9,73,20.9
2010,9,5.9,56,21.1
2010,9,5.7,60,20.3
2010,9,3.3,65,21.2
2010,10,6.7,70,20.8
2010,10,7,78,22.6
2010,10,7.9,,21.8
2010,10,8.2,60,19.5
2010,10,4,59,19.1
2010,10,7,67,20.4
2010,10,6.7,73,20.3
2010,10,5.1,79,20
2010,10,5,82,19.7
2010,10,3.7,76,20.7
2010,10,2,77,20.8
2010,10,2.9,68,20.6
2010,10,3.1,86,20.4
2010,10,5.5,69,19.7
2010,10,5.7,46,18
2010,10,3.9,52,18
2010,10,2.7,64,19.1
2010,10,6.4,70,19.4
2010,10,7.2,73,20.4
2010,10,8.2,76,20.4
2010,10,9,69,20.6
2010,10,10.9,61,19.9
2010,10,7.7,72,19.9
2010,10,7,,
2010,10,7.1,,18.9
2010,10,10.9,34,10.4
2010,10,10.3,53,12.6
2010,10,8.1,50,14.7
2010,10,11.2,53,16.4
2010,10,10.6,54,16.8
2010,10,6.3,52,16.4
2010,11,7.2,42,15.6
2010,11,6.1,35,13.4
2010,11,4.8,35,11.4
2010,11,4.4,42,13.7
2010,11,4.4,38,15.4
2010,11,3.9,36,16.2
2010,11,4.4,48,15.9
2010,11,9.3,45,14.5
2010,11,8.2,38,10.2
2010,11,3.3,44,11
2010,11,6.4,62,
2010,11,7.9,37,14.3
2010,11,4,52,14.1
2010,11,5,46,15
2010,11,7.9,24,
2010,11,5,31,8.9
2010,11,5.2,37,11.1
2010,11,4,44,11.8
2010,11,3.2,50,13
2010,11,3.2,37,13.3
2010,11,3.7,49,14.8
2010,11,5.8,49,15.2
2010,11,9.2,48,12.5
2010,11,4.8,46,13.6
2010,11,7,51,11.6
2010,11,7.8,44,7.5
2010,11,6.4,57,11.2
2010,11,6.4,50,7.4
2010,11,4.6,55,11.7
2010,11,5.2,73,15.1
2010,12,3.1,65,14.9
2010,12,4.7,73,14.5
2010,12,9.8,46,9.8
2010,12,5.4,45,8.7
2010,12,6.9,65,13.6
2010,12,6.7,59,12.3
2010,12,9.7,58,7.4
2010,12,7.6,49,7.2
2010,12,7.6,42,5.8
2010,12,5.5,57,10.8
2010,12,8.4,42,9.1
2010,12,8.5,60,8.1
2010,12,9.3,83,11.5
2010,12,8,58,9.2
2010,12,7.1,49,0.9
2010,12,5.7,53,1.1
2010,12,7.5,55,6.6
2010,12,4.1,44,8.1
2010,12,5,65,12.8
2010,12,4.2,47,12.9
2010,12,7.2,65,12.1
2010,12,4.3,61,12
2010,12,5.8,43,9.9
2010,12,7.1,42,0.8
2010,12,8.3,51,-1
2010,12,8,61,1.8
2010,12,8.9,56,5.6
2010,12,10.1,59,8.3
2010,12,4.6,55,3.7
2010,12,9.9,60,3.7
2010,12,11.4,55,0.5
2011,1,10.3,57,2.4
2011,1,7.2,58,5.7
2011,1,8,68,4.3
2011,1,7.5,60,4.2
2011,1,6.9,55,3.8
2011,1,7.5,53,2.2
2011,1,9.7,49,1.7
2011,1,5.4,41,4
2011,1,7.6,51,4.1
2011,1,9.4,50,0.7
2011,1,6.4,47,2
2011,1,7.4,45,1.3
2011,1,6.3,46,1.2
2011,1,4.8,44,4.4
2011,1,10.7,50,-0.3
2011,1,9.7,51,-3.2
2011,1,8,44,0.5
2011,1,7.9,51,1.6
2011,1,5.7,51,2.1
2011,1,6.7,50,1.6
2011,1,6.8,42,2.2
2011,1,5.9,47,2.7
2011,1,6.6,47,4.6
2011,1,8,52,1.4
2011,1,6.6,52,0.2
2011,1,6.2,44,1.1
2011,1,6.8,41,0.6
2011,1,6.5,36,2.6
2011,1,9.5,46,0.1
2011,1,8.5,48,-1.3
2011,1,7,47,0.3
2011,2,4.7,49,5.1
2011,2,4.5,41,7.8
2011,2,5.8,43,8.6
2011,2,6.8,48,9.7
2011,2,4,37,8.7
2011,2,6.2,54,9.9
2011,2,5.4,53,8.1
2011,2,4.1,74,9.2
2011,2,5.6,49,7.5
2011,2,6.8,71,5.3
2011,2,8.5,70,5.2
2011,2,9.5,44,2.1
2011,2,5.2,57,2.8
2011,2,10,86,2.5
2011,2,5.7,64,4.9
2011,2,2.8,61,7.9
2011,2,7,86,7.5
2011,2,7.8,63,6.9
2011,2,2.9,54,8.3
2011,2,10.2,58,9.5
2011,2,11.6,63,8.4
2011,2,8.6,66,9.4
2011,2,3.5,68,9.7
2011,2,4.2,74,11.8
2011,2,6.2,60,11
2011,2,9.7,66,9.4
2011,2,8.8,85,10.8
2011,2,10.8,79,9
2011,3,7,74,8.3
2011,3,7.1,48,4.7
2011,3,7.9,45,3.2
2011,3,6,42,4.7
2011,3,6.3,56,7.5
2011,3,4.9,46,8.7
2011,3,7.1,44,8.1
2011,3,8.4,40,6
2011,3,8,37,6.2
2011,3,7.1,45,5.8
2011,3,7.4,46,8.4
2011,3,4.7,56,10.9
2011,3,3.3,77,11.8
2011,3,3.8,78,12
2011,3,8.1,53,9.4
2011,3,7.8,40,4.3
2011,3,6.4,40,5.2
2011,3,4.2,50,9.2
2011,3,7.9,78,11.8
2011,3,8.3,86,11.5
2011,3,7,69,9.9
2011,3,7.1,44,8.3
2011,3,7.2,41,5.8
2011,3,6.8,41,8.3
2011,3,9.4,40,7.2
2011,3,6.3,44,6.3
2011,3,6.4,43,8.3
2011,3,7.6,56,10.8
2011,3,5.1,49,9.7
2011,3,7.2,53,9.9
2011,3,4.2,56,12
2011,4,5.5,67,12.6
2011,4,8.5,66,11.3
2011,4,9.3,64,9.8
2011,4,10.3,59,10
2011,4,6.9,61,10.9
2011,4,2.9,75,12.2
2011,4,6.8,84,14.5
2011,4,6.9,79,12.9
2011,4,3.8,73,12.8
2011,4,5.1,68,13.3
2011,4,5.4,72,11.6
2011,4,6.6,45,12.1
2011,4,7.1,58,12.6
2011,4,7.5,72,12.9
2011,4,5.8,92,13.7
2011,4,10.5,72,11.4
2011,4,9.3,69,11.2
2011,4,7.3,61,11.3
2011,4,7,55,10.8
2011,4,5.1,68,12.5
2011,4,4.1,76,13.7
2011,4,8,87,14.5
2011,4,5.9,57,13.3
2011,4,7.8,60,12.6
2011,4,8,67,12.8
2011,4,7.8,88,14.8
2011,4,7.5,79,14.3
2011,4,6.4,55,12.7
2011,4,4.1,59,13.5
2011,4,8.6,88,15.7
2011,5,8.9,77,14.9
2011,5,2.8,67,14.9
2011,5,3.7,72,15.3
2011,5,6.3,72,14.6
2011,5,9.6,79,13.5
2011,5,4.5,85,13.9
2011,5,3.4,92,14.8
2011,5,2.7,93,14.9
2011,5,3.5,93,15.6
2011,5,5.3,93,15.2
2011,5,9.2,91,14.1
2011,5,6.5,88,15.2
2011,5,8.4,,
2011,5,7.7,,
2011,5,5.4,,
2011,5,6.6,,
2011,5,3.4,86,16
2011,5,4,94,15.5
2011,5,2.8,94,16.5
2011,5,3.6,95,17.2
2011,5,5.3,95,17.3
2011,5,7.9,88,15.6
2011,5,8.9,83,15.6
2011,5,8.9,79,16.1
2011,5,9,85,15.6
2011,5,11.4,90,15.5
2011,5,6.9,92,16
2011,5,9.1,87,16.4
2011,5,9.1,82,17.2
2011,5,4.4,85,16.5
2011,5,5,87,16.1
2011,6,1.9,92,17.2
2011,6,4.5,93,16.8
2011,6,3.5,88,17.4
2011,6,6.6,93,17.5
2011,6,2.5,92,18.1
2011,6,2.6,92,18.6
2011,6,2.5,88,19.9
2011,6,3.9,90,19.4
2011,6,5.3,92,18.8
2011,6,3.1,96,19.1
2011,6,2.4,85,19.8
2011,6,1.6,92,19.9
2011,6,3.6,91,19.4
2011,6,1,84,19.9
2011,6,3.5,90,19.9
2011,6,9.5,89,19.4
2011,6,4.7,88,19.5
2011,6,3,92,19.7
2011,6,6.7,89,19.8
2011,6,4.4,89,20.4
2011,6,6,93,19.8
2011,6,6.2,97,20.6
2011,6,6.3,98,19.9
2011,6,5.3,98,20.3
2011,6,12.3,92,19.2
2011,6,8.1,95,20.9
2011,6,6,94,20.4
2011,6,3.7,98,20.2
2011,6,3.7,98,21.1
2011,6,3.1,98,21.4
2011,7,6.9,97,20.2
2011,7,5,97,20.8
2011,7,5.5,98,21.1
2011,7,6.6,93,20.4
2011,7,4.6,89,20.3
2011,7,2.8,97,19.4
2011,7,5.4,97,21.3
2011,7,6.2,97,21.6
2011,7,6.3,95,22.3
2011,7,2.6,93,23.1
2011,7,1.3,93,23.5
2011,7,0.8,91,25
2011,7,3.5,93,24.7
2011,7,3.3,91,24.9
2011,7,4,93,24.8
2011,7,2.1,95,24.8
2011,7,3.7,91,25
2011,7,10.4,85,25.1
2011,7,11.4,79,25.7
2011,7,6.6,83,23.4
2011,7,10.1,80,22
2011,7,6.4,74,21.8
2011,7,2.6,80,23.4
2011,7,4.6,81,24.1
2011,7,4.5,84,24.3
2011,7,5.2,83,26.7
2011,7,8.7,86,26.6
2011,7,5.6,89,26.3
2011,7,5.1,89,26.2
2011,7,3.8,87,26.2
2011,7,4.7,85,26
2011,8,3,85,26.1
2011,8,2.4,88,26
2011,8,3.4,87,26.2
2011,8,4.9,82,27.2
2011,8,8.5,84,27
2011,8,5.6,83,27.5
2011,8,8,76,28.4
2011,8,8.7,86,26.2
2011,8,5.3,89,26
2011,8,6.7,88,25.5
2011,8,6.2,88,25.5
2011,8,5.3,89,25.7
2011,8,6.2,86,26.6
2011,8,5.6,88,25.5
2011,8,5.6,88,25.2
2011,8,6.2,89,25.6
2011,8,6.1,90,25.2
2011,8,7.5,86,24.7
2011,8,4.7,78,24
2011,8,6.1,83,21.9
2011,8,7.8,77,23.2
2011,8,7.7,78,23.1
2011,8,8.3,79,23.2
2011,8,9.6,77,24.1
2011,8,9,77,23.9
2011,8,8.3,82,24.1
2011,8,8.3,85,24.2
2011,8,6.2,84,24.2
2011,8,5.3,83,24.6
2011,8,4.7,84,24.9
2011,8,5.4,82,24.7
2011,9,4.8,82,24.9
2011,9,8.7,76,25.5
2011,9,8.9,68,26
2011,9,5.9,70,25
2011,9,4.5,70,24.1
2011,9,4,74,23.9
2011,9,4.5,67,23.8
2011,9,2.7,73,24.7
2011,9,2.7,74,25.3
2011,9,11.4,82,22.5
2011,9,5.9,87,23
2011,9,1.6,88,24.5
2011,9,2.2,83,24.9
2011,9,1.8,79,25.2
2011,9,3.3,84,24.9
2011,9,4.3,84,25.2
2011,9,8.3,82,25.1
2011,9,10.8,78,23.7
2011,9,14.9,68,21.5
2011,9,13.5,67,20.5
2011,9,9.7,55,21.1
2011,9,3.7,46,20.2
2011,9,3.1,52,21.4
2011,9,3.6,55,22.4
2011,9,4.7,56,22.5
2011,9,7.6,63,22.3
2011,9,9.1,69,22.1
2011,9,7.4,69,22.4
2011,9,3.8,79,22.5
2011,9,7.6,52,21.9
2011,10,6,50,18.8
2011,10,6.9,37,18
2011,10,6.7,45,18.2
2011,10,6.1,53,19.5
2011,10,4.5,59,20
2011,10,6,49,20.2
2011,10,4.2,48,19.1
2011,10,3.1,59,19.8
2011,10,3.6,66,20.2
2011,10,3.5,66,20.6
2011,10,3,65,21
2011,10,3.5,67,20.8
2011,10,2.1,58,22
2011,10,4,79,19.2
2011,10,6.5,69,19.7
2011,10,9,52,18.7
2011,10,4.9,47,18.2
2011,10,8.7,54,16.6
2011,10,9.3,61,18.1
2011,10,9.4,67,19.4
2011,10,10.6,82,19.4
2011,10,9.2,78,17.5
2011,10,4.3,67,18.2
2011,10,4.5,71,17.9
2011,10,,41,13.8
2011,10,,48,14.3
2011,10,,64,17.4
2011,10,,69,17.9
2011,10,,76,17.7
2011,10,,75,17.6
2011,10,,60,18.5
2011,11,,60,20.4
2011,11,,77,19.5
2011,11,,81,19.6
2011,11,,80,20.2
2011,11,,83,20.2
2011,11,,78,19.1
2011,11,,72,18.9
2011,11,,71,17.9
2011,11,,65,17.8
2011,11,,56,18.2
2011,11,,65,17.9
2011,11,,60,17.4
2011,11,4.7,50,16.5
2011,11,6.9,35,14.4
2011,11,7.2,35,13.8
2011,11,4.6,48,14.8
2011,11,6.6,53,17.8
2011,11,6.5,79,19.1
2011,11,4.3,75,18.4
2011,11,7.6,40,9.5
2011,11,6.1,42,8.2
2011,11,3.9,39,11.1
2011,11,8.9,55,12.5
2011,11,6.1,40,7.6
2011,11,6.8,49,8.4
2011,11,3.3,53,11.7
2011,11,2.1,69,15.8
2011,11,3.4,81,17.9
2011,11,5.8,80,16.5
2011,11,12.9,77,14.1
2011,12,13.7,71,10.9
2011,12,11.5,71,12.3
2011,12,8.8,65,11.7
2011,12,5.5,50,10.7
2011,12,6.5,50,10.8
2011,12,6.1,65,12
2011,12,5.7,44,11.4
2011,12,8.1,47,9.6
2011,12,8.5,50,4.8
2011,12,7.1,49,4.8
2011,12,5.8,53,7.5
2011,12,5.8,50,9.5
2011,12,5.1,51,10.6
2011,12,4.5,40,11.5
2011,12,9,45,7
2011,12,7.9,46,2.2
2011,12,5.8,51,2.1
2011,12,5.7,50,6
2011,12,9.3,45,5.7
2011,12,5.7,39,6.8
2011,12,5,46,8.5
2011,12,7.6,39,5.2
2011,12,10.1,44,2.1
2011,12,8.4,45,3.8
2011,12,8.8,42,2.2
2011,12,8.1,39,2
2011,12,5.6,37,4
2011,12,5.8,40,7.1
2011,12,4.9,44,8
2011,12,6.2,58,7.4
2011,12,6,51,7.1
2012,1,7.5,53,5.8
2012,1,6.1,49,4.4
2012,1,7.2,52,4.1
2012,1,8,46,1.9
2012,1,7.1,48,2.4
2012,1,6.8,46,4.3
2012,1,5.1,46,5.4
2012,1,5.5,43,6.9
2012,1,7.1,49,5.5
2012,1,6.6,47,5.7
2012,1,9.1,41,3.7
2012,1,6.2,44,2.5
2012,1,5.2,48,5.3
2012,1,6.7,36,5.4
2012,1,7.1,46,6.2
2012,1,8.8,71,8
2012,1,5.3,62,10.2
2012,1,7.8,76,9.9
2012,1,11,76,11.3
2012,1,12.7,69,11
2012,1,8.7,65,9.8
2012,1,10,48,6.4
2012,1,9.4,46,-0.4
2012,1,4.8,45,-0.2
2012,1,7.3,44,0.8
2012,1,5.4,40,2.5
2012,1,5.1,46,6.9
2012,1,7.3,42,6.9
2012,1,6.6,34,6.3
2012,1,8.4,28,3.8
2012,1,7.1,46,4.9
2012,2,8.7,46,2.8
2012,2,9.4,43,-3.4
2012,2,6.9,50,-0.7
2012,2,4.7,44,4.4
2012,2,2.6,57,6
2012,2,5.6,68,7.6
2012,2,8,49,3.7
2012,2,7.9,45,-1.1
2012,2,4.4,45,1.6
2012,2,5.5,40,3.5
2012,2,6.2,31,3.9
2012,2,4.4,40,5
2012,2,5.5,71,7.2
2012,2,6.3,78,8.4
2012,2,6.4,47,8.7
2012,2,8.3,28,5.7
2012,2,8.5,39,1.8
2012,2,7.3,43,0
2012,2,6.5,43,1.5
2012,2,5.2,44,4.7
2012,2,5.8,57,6.7
2012,2,8.3,64,10.5
2012,2,5.3,59,11
2012,2,10.4,60,8.9
2012,2,5.6,52,7.9
2012,2,5.8,53,6.3
2012,2,7,49,5.6
2012,2,8.4,60,8.2
2012,2,9,67,9.9
2012,3,7.3,67,11.1
2012,3,9.1,69,10.2
2012,3,10.9,69,9.5
2012,3,12.3,71,10
2012,3,12.5,78,9.7
2012,3,8,65,9.7
2012,3,5.2,53,8.5
2012,3,7,59,10.1
2012,3,9.8,61,9.4
2012,3,5.5,56,9.5
2012,3,8,38,5.6
2012,3,7.1,39,3.2
2012,3,6,39,5.3
2012,3,6.8,45,9.3
2012,3,6.3,46,10.4
2012,3,6,71,11.3
2012,3,6.8,82,12.2
2012,3,5,74,12.2
2012,3,6,62,8.8
2012,3,5.8,35,9.2
2012,3,7.6,40,8.7
2012,3,5.7,62,9.6
2012,3,8.9,76,10.8
2012,3,9.3,44,8.8
2012,3,8.8,34,7.5
2012,3,6.5,40,7.4
2012,3,7.3,50,11.6
2012,3,5.5,63,12.4
2012,3,4.2,69,13.3
2012,3,7.4,83,14.4
2012,3,9.5,43,10.5
2012,4,6.7,36,8.2
2012,4,5,64,12.8
2012,4,13.1,57,11
2012,4,10.8,52,10.5
2012,4,8,50,11.8
2012,4,8.3,32,10.1
2012,4,6.5,41,8.8
2012,4,9,68,13.3
2012,4,7.1,78,14.4
2012,4,5.3,81,14.7
2012,4,5.5,85,13.9
2012,4,5.2,71,13
2012,4,5.4,63,13.3
2012,4,4.1,61,13.8
2012,4,4.1,69,15.3
2012,4,4.6,67,15.3
2012,4,8.6,66,13.5
2012,4,7.5,68,13.8
2012,4,8.7,74,14.1
2012,4,11.5,77,14.1
2012,4,9.8,86,15.2
2012,4,10,79,14
2012,4,6.7,79,15.1
2012,4,4.5,89,15
2012,4,4.4,86,15.1
2012,4,6.8,56,15.5
2012,4,3.9,56,15.1
2012,4,3.6,79,15.9
2012,4,1.3,85,16.4
2012,4,7.6,78,16.8
2012,5,6.5,80,16.5
2012,5,7.8,81,16.7
2012,5,4.1,79,16.5
2012,5,4.1,80,16.8
2012,5,6.1,65,18.3
2012,5,6.1,70,16.9
2012,5,4.6,82,16.8
2012,5,4.1,87,17.1
2012,5,5.6,79,17.1
2012,5,10.6,71,15.4
2012,5,9.5,62,14.8
2012,5,6.3,60,14.8
2012,5,2.7,71,16.3
2012,5,3.2,83,17.1
2012,5,4.2,79,18
2012,5,6.4,76,17.6
2012,5,7,74,17.2
2012,5,2.6,61,17.1
2012,5,1.2,69,17.4
2012,5,2.7,76,18
2012,5,7,74,18.2
2012,5,5,70,18.4
2012,5,3.3,74,18.3
2012,5,2.1,76,18.8
2012,5,4.4,77,17.8
2012,5,2.7,78,18.6
2012,5,2.5,74,18.7
2012,5,5.3,77,18.4
2012,5,4,79,18.9
2012,5,8.1,75,18.7
2012,5,7.2,73,18.3
2012,6,5.7,76,18.5
2012,6,8.9,74,18.7
2012,6,6.6,74,18.9
2012,6,3.3,80,19.9
2012,6,1.5,78,21.1
2012,6,3.2,75,20.7
2012,6,3.2,84,20.4
2012,6,3.4,86,19.6
2012,6,3.3,82,20.2
2012,6,5.8,77,20.5
2012,6,6.1,76,20.8
2012,6,6.8,80,21.2
2012,6,9.4,73,20.8
2012,6,10.3,75,20.4
2012,6,9.9,82,20.7
2012,6,3.8,78,21.2
2012,6,3.3,81,21.4
2012,6,3.7,84,20.7
2012,6,5.2,84,21.2
2012,6,4,77,21.3
2012,6,7.5,78,21.3
2012,6,3.4,75,21.4
2012,6,2.4,80,21.8
2012,6,8.9,81,21.9
2012,6,12.1,70,21.5
2012,6,12.5,73,20.9
2012,6,12.8,81,20.2
2012,6,10,75,21.2
2012,6,4.2,80,21.7
2012,6,7.4,88,22.9
2012,7,6.1,84,22.2
2012,7,5,85,22.3
2012,7,6,86,22.3
2012,7,6,87,22.6
2012,7,4.6,89,23.1
2012,7,8.2,88,23.2
2012,7,7.3,77,21.8
2012,7,2.6,71,22.4
2012,7,2.8,81,22.4
2012,7,2,79,23.7
2012,7,8.3,87,23.7
2012,7,5.6,89,22.5
2012,7,2.7,88,23.4
2012,7,6.2,87,22.9
2012,7,7.8,87,24.2
2012,7,6,84,22.8
2012,7,8.8,85,22.9
2012,7,8.5,85,24.5
2012,7,6.9,86,24.9
2012,7,5.8,89,23.6
2012,7,3.9,85,24.4
2012,7,5,85,24.9
2012,7,2.7,85,26
2012,7,3.5,85,26
2012,7,4.3,85,25.1
2012,7,4.2,85,24.8
2012,7,4.1,87,25.9
2012,7,4.7,85,25.9
2012,7,4.3,85,26.1
2012,7,3.8,84,26.6
2012,7,1.6,80,27.8
2012,8,9.4,81,26.8
2012,8,8.5,82,26.9
2012,8,8.2,85,26.7
2012,8,8.6,81,27.1
2012,8,7.9,81,27.2
2012,8,8.9,79,27.6
2012,8,10.3,74,27.4
2012,8,7.1,70,27.1
2012,8,2.5,66,27
2012,8,2.5,70,27.6
2012,8,3.7,72,27.7
2012,8,3.8,80,27.3
2012,8,5.6,82,27.3
2012,8,6.8,81,26.2
2012,8,7.9,81,28
2012,8,4.8,84,27.2
2012,8,3.7,83,27.2
2012,8,3.2,82,28
2012,8,3.8,81,28.2
2012,8,5,79,27.7
2012,8,4.8,74,28
2012,8,6.6,78,26
2012,8,9.1,82,24.5
2012,8,11.3,82,24.7
2012,8,7.9,81,26.1
2012,8,8.7,83,26.9
2012,8,10.6,74,28.2
2012,8,14.2,76,27
2012,8,6,82,25.9
2012,8,10.8,76,25.6
2012,8,3.2,61,23.8
2012,9,3.4,66,24.4
2012,9,6.6,73,24.2
2012,9,4.4,78,24.6
2012,9,3.8,81,25.3
2012,9,4.2,80,24.8
2012,9,2.6,69,24.5
2012,9,6.5,74,24.6
2012,9,6.9,81,24.7
2012,9,5,79,22.4
2012,9,7.4,78,21.8
2012,9,7.9,69,22.6
2012,9,2.8,67,22.7
2012,9,1.3,75,23.8
2012,9,5.3,76,22.6
2012,9,8.2,77,21.4
2012,9,12.7,81,21.6
2012,9,,66,
2012,9,,63,
2012,9,,61,
2012,9,2.6,69,21.1
2012,9,1.9,,21.4
2012,9,5,,21.4
2012,9,7.8,,21.1
2012,9,10,,21.2
2012,9,9.3,,21.1
2012,9,8.1,,21.1
2012,9,4.7,,21.1
2012,9,5.2,,20.4
2012,9,5.7,,19.5
2012,10,3.8,,20
2012,10,6.6,,20.1
2012,10,,,19.6
2012,10,,,19.7
2012,10,,,20.1
2012,10,,,19.1
2012,10,,,19.9
2012,10,6,,
2012,10,,,20.1
2012,10,9.2,,19.1
2012,10,7.8,,19.8
2012,10,8.7,,15.8
2012,10,5.5,,17.7
2012,10,3.4,,18
2012,10,2.7,,19.2
2012,10,6.8,,19.6
2012,10,7.1,,16.3
2012,10,4.1,,16.4
2012,10,2.7,,17.7
2012,10,4.4,,18.7
2012,10,7.5,,18.6
2012,10,6.1,,18.6
2012,10,4.8,,16.9
2012,10,5.5,,16.2
2012,10,6.6,,13.5
2012,11,7.4,,12.5
2012,11,5,,11.9
2012,11,6.8,,14.3
2012,11,8.3,,
2012,11,6.4,,
2012,11,8.8,,
2012,11,6.6,,
2012,11,5.2,,
2012,11,6.7,44,9
2012,12,8.4,63,7.4
2012,12,7.8,74,9.9
2012,12,8.1,69,10.3
2012,12,7.1,42,5.5
2012,12,7.2,56,6.4
2012,12,5.4,52,2.6
2012,12,4.9,64,6.2
2012,12,8.6,55,4.2
2012,12,8.7,55,1.5
2012,12,8.1,56,2.1
2012,12,9,52,3
2012,12,6.9,44,4.8
2012,12,2.7,55,8.1
2012,12,7.8,82,12.9
2012,12,6.1,81,12
2012,12,7.3,65,10.9
2012,12,6.7,66,9.9
2012,12,11.3,52,3.2
2012,12,8.5,48,2.2
2012,12,5.8,40,5.9
2012,12,8,77,9.1
2012,12,9.9,63,7.1
2012,12,8.8,50,1.6
2012,12,6.1,56,-0.4
2012,12,7.4,54,4.1
2012,12,6.7,45,1.3
2012,12,3.8,40,4.7
2012,12,7.9,82,6.7
2012,12,4.9,75,8.7
2012,12,9.1,64,3.5
2012,12,5.8,54,0.7
2013,1,7.4,58,5.5
2013,1,8.3,54,3.8
2013,1,11,54,-2
2013,1,6.8,49,0.1
2013,1,6.6,43,2.4
2013,1,5.8,47,3.4
2013,1,5.9,41,4.6
2013,1,7.4,49,4.8
2013,1,8.4,48,1.7
2013,1,10,49,0.3
2013,1,4.4,46,2.6
2013,1,5.5,56,8
2013,1,7.7,65,8.1
2013,1,8.7,55,7.4
2013,1,4.8,58,6.6
2013,1,5.9,57,6.8
2013,1,9.3,61,2.5
2013,1,6.5,46,3.3
2013,1,4.7,48,4.5
2013,1,6.1,63,8.2
2013,1,7,80,10
2013,1,7.9,78,8.9
2013,1,7.8,74,7.6
2013,1,7.2,63,6.1
2013,1,8.8,42,1.8
2013,1,6.1,40,1.4
2013,1,8.3,48,0.8
2013,1,5.2,44,3.2
2013,1,3.3,58,7.6
2013,1,3.5,62,9.3
2013,1,4.5,68,11.3
2013,2,10.1,83,13.2
2013,2,5.5,56,10.2
2013,2,5.6,59,7.2
2013,2,6.3,77,8.2
2013,2,8.7,67,9.1
2013,2,7.3,69,6.8
2013,2,7.8,47,1.1
2013,2,6.7,53,-3.2
2013,2,4.7,44,1.6
2013,2,6.8,51,3.7
2013,2,5.5,47,4
2013,2,6.1,68,5.4
2013,2,4.4,42,3.4
2013,2,2.1,44,6.4
2013,2,6.9,36,7.3
2013,2,6.6,38,3.2
2013,2,3.8,66,7.5
2013,2,7.8,80,7.6
2013,2,6.3,54,6
2013,2,5.8,37,3
2013,2,4.2,44,4.8
2013,2,6.2,46,7
2013,2,6.4,42,4.6
2013,2,4.4,39,5.6
2013,2,3,39,8.6
2013,2,3.1,61,10
2013,2,4.9,66,10.2
2013,2,2.8,61,11.4
2013,3,8.9,62,10.7
2013,3,7,52,4
2013,3,4.6,45,6.9
2013,3,6.3,46,7.9
2013,3,6.7,49,8.9
2013,3,7.2,64,11.1
2013,3,7.4,82,13
2013,3,6.4,80,12.5
2013,3,4.9,88,13.3
2013,3,7.4,74,11.1
2013,3,4.9,60,9.2
2013,3,3.5,73,11.6
2013,3,11.3,86,11.5
2013,3,8.5,68,7.3
2013,3,5.4,66,9.4
2013,3,3.9,57,11.9
2013,3,3.3,76,12.4
2013,3,7.8,87,13.2
2013,3,4.8,80,12.3
2013,3,5.6,74,12.2
2013,3,6.1,53,5.9
2013,3,6.7,67,10.4
2013,3,5.6,63,10.5
2013,3,3.7,61,11.6
2013,3,6.7,55,9.3
2013,3,4.1,57,9.5
2013,3,3.1,65,12
2013,3,3.9,64,13.1
2013,3,6.1,57,11.4
2013,3,4.3,66,11.5
2013,3,5.5,67,10.7
2013,4,5.1,60,12.7
2013,4,7.2,70,12.2
2013,4,7.1,69,10.8
2013,4,6.4,66,13.2
2013,4,6.6,83,12.9
2013,4,8.6,87,12
2013,4,7.6,53,8.8
2013,4,6.1,49,10.4
2013,4,9.3,41,11.4
2013,4,6.7,46,8
2013,4,9.3,43,10.5
2013,4,6.3,48,10.1
2013,4,6.3,55,12.3
2013,4,8.2,75,13.7
2013,4,4.2,52,11.4
2013,4,5.7,92,14.6
2013,4,10.1,86,12.1
2013,4,6.6,83,12.4
2013,4,10.8,58,10.6
2013,4,8.3,76,9.5
2013,4,5.9,59,11.1
2013,4,2.9,63,12.8
2013,4,5.7,78,14
2013,4,7,79,14.4
2013,4,5.7,74,13.9
2013,4,6,45,14.4
2013,4,4.5,59,13.7
2013,4,2.2,77,14.3
2013,4,5.4,91,14.8
2013,4,3.2,67,14
2013,5,9.5,70,12
2013,5,4.2,71,12.8
2013,5,4.4,78,13.3
2013,5,3.7,73,14.3
2013,5,4.4,79,14.6
2013,5,4.9,76,14.9
2013,5,10.5,77,13.7
2013,5,4.2,77,14.3
2013,5,4.2,83,15.3
2013,5,5.5,92,15.3
2013,5,3.9,83,15.6
2013,5,6,91,15.1
2013,5,5.1,90,15.8
2013,5,3.3,89,16.4
2013,5,5.6,91,16.6
2013,5,13,82,14.2
2013,5,9.3,77,15.4
2013,5,2.5,84,16.2
2013,5,4.9,93,16.3
2013,5,4.2,92,16.1
2013,5,3.2,73,17.3
2013,5,4.2,91,16.1
2013,5,2.2,89,17.8
2013,5,3,82,18.3
2013,5,4.3,90,17.5
2013,5,2.2,90,17.8
2013,5,3.4,85,19.8
2013,5,7.1,94,18.4
2013,5,6.8,93,16.7
2013,5,3.4,78,18.1
2013,5,1.4,83,18
2013,6,2.3,83,17.9
2013,6,6.3,86,17.9
2013,6,6.5,86,17.7
2013,6,3,90,18.7
2013,6,3.1,92,19.3
2013,6,6.9,89,19.1
2013,6,7.4,83,19.5
2013,6,8.3,85,19.7
2013,6,9.7,87,19.9
2013,6,10.3,85,19.5
2013,6,10,88,19.7
2013,6,3,93,20
2013,6,3.2,95,19.9
2013,6,4.6,93,20.5
2013,6,3.2,91,21.5
2013,6,4.8,95,20.4
2013,6,6.5,93,20.6
2013,6,5.3,97,20.6
2013,6,4.7,95,20.1
2013,6,1.9,92,20.5
2013,6,2.5,89,20.6
2013,6,1.1,88,21
2013,6,3.6,90,20.3
2013,6,1.3,84,21.3
2013,6,3.3,92,21.3
2013,6,5.1,87,21.3
2013,6,3.2,88,21.6
2013,6,6.4,87,21.7
2013,6,5.7,89,21.8
2013,6,5,91,22.1
2013,7,3,93,22.5
2013,7,6.5,94,23.2
2013,7,7.5,94,21.8
2013,7,5.9,96,21.7
2013,7,6,95,21.5
2013,7,5,96,20.8
2013,7,4.4,96,22.8
2013,7,6.7,95,23.2
2013,7,5.3,96,22.5
2013,7,6.4,95,23.1
2013,7,6.1,94,23.1
2013,7,5.2,96,23.4
2013,7,3.8,95,24.6
2013,7,4,95,24.5
2013,7,3.2,94,25.1
2013,7,4.1,91,25.8
2013,7,5.6,92,24.6
2013,7,4.6,90,24.5
2013,7,3.2,90,24.8
2013,7,3.3,92,26
2013,7,4.3,91,26
2013,7,4.4,92,25.5
2013,7,4.5,93,24
2013,7,5.6,93,23.1
2013,7,6.3,93,22.1
2013,7,5.2,92,22.1
2013,7,4.2,92,21.9
2013,7,3.9,96,23.2
2013,7,5.7,95,22.3
2013,7,5,96,23.1
2013,7,5.2,95,24.6
2013,8,3.3,94,25.2
2013,8,2.9,92,25.5
2013,8,4.2,92,25
2013,8,5.3,93,24.3
2013,8,5.1,92,23.7
2013,8,4,93,25.1
2013,8,4,95,25.1
2013,8,5.4,95,25.1
2013,8,5.6,96,24.2
2013,8,5.4,95,24.9
2013,8,4.1,89,25.2
2013,8,4.6,89,24.7
2013,8,4.9,92,23.8
2013,8,4.6,89,24
2013,8,3.7,89,24.7
2013,8,2.9,89,25.5
2013,8,2.6,87,26.4
2013,8,3.4,84,27.8
2013,8,3.3,83,27.5
2013,8,4.7,87,26.9
2013,8,7.6,83,28
2013,8,2.4,87,28.4
2013,8,4.9,89,26.3
2013,8,3,91,25.6
2013,8,5.6,82,25.5
2013,8,5,73,26.2
2013,8,3.5,76,25.7
2013,8,2.9,80,26.2
2013,8,5.2,92,25.2
2013,8,3.6,87,24.5
2013,8,7,81,24.1
2013,9,9.7,75,24.2
2013,9,7.4,73,24.6
2013,9,8,76,23.9
2013,9,10.3,67,23.6
2013,9,8.6,68,23.2
2013,9,9,75,22.9
2013,9,8.1,80,22.4
2013,9,3.9,75,23.4
2013,9,5,72,23.8
2013,9,3.9,73,24.3
2013,9,3.3,77,25.3
2013,9,4.2,84,25.2
2013,9,3.2,91,25.3
2013,9,4.2,87,25.6
2013,9,8.6,70,25
2013,9,6.8,60,24
2013,9,5.1,66,24
2013,9,7.2,72,24.5
2013,9,8.9,72,24.4
2013,9,3.6,78,24.1
2013,9,3.2,81,24.5
2013,9,10.7,78,24.1
2013,9,8.8,78,23.7
2013,9,3.7,81,23.5
2013,9,7.5,80,22.6
2013,9,6.9,61,21.4
2013,9,5,60,21.8
2013,9,4,65,23.4
2013,9,4.9,83,24.1
2013,9,4.8,82,23.2
2013,10,8.5,78,22.8
2013,10,4.5,78,22.3
2013,10,6.9,64,21.3
2013,10,9,62,21.1
2013,10,10.8,76,22.8
2013,10,9.8,85,23.8
2013,10,9.4,86,23.7
2013,10,12.8,91,23.3
2013,10,6,82,21.7
2013,10,5.4,86,23.3
2013,10,8.2,69,22.4
2013,10,4.3,44,19.2
2013,10,6.4,60,20.4
2013,10,5,77,21.4
2013,10,10,77,19.8
2013,10,7.5,54,15.7
2013,10,5.6,55,17.2
2013,10,9.2,62,19.1
2013,10,9.8,69,19.5
2013,10,6.3,70,19.9
2013,10,8.3,68,19.3
2013,10,11.8,70,19.3
2013,10,11.8,72,19.7
2013,10,7.9,75,18.4
2013,10,8.3,52,17.3
2013,10,6.7,56,15.7
2013,10,4.8,57,15.9
2013,10,2.9,58,17
2013,10,3.3,57,18.4
2013,10,5.1,54,17.9
2013,10,5,62,18.2
2013,11,6.2,64,19.4
2013,11,2.9,62,20
2013,11,3.9,70,19.2
2013,11,6.5,57,17.4
2013,11,4.5,54,17.3
2013,11,3.5,64,18.5
2013,11,6.6,51,18.2
2013,11,5.7,49,15.4
2013,11,7.1,71,18.8
2013,11,8.3,62,16.1
2013,11,8.3,44,9.6
2013,11,7.1,50,9.9
2013,11,4.4,56,11.1
2013,11,4.6,61,13.8
2013,11,2.8,59,14.3
2013,11,5.1,60,13.7
2013,11,7.7,52,12.7
2013,11,7.5,55,7.9
2013,11,7.5,53,8.2
2013,11,6.3,51,8.4
2013,11,4.5,49,9
2013,11,6.9,50,10.3
2013,11,4.9,54,11
2013,11,5.6,54,13.8
2013,11,11.6,61,12.4
2013,11,6,46,8.2
2013,11,10.4,60,9.6
2013,11,6.1,55,4.4
2013,11,5.9,52,6.1
2013,11,5.3,53,9.5
2013,12,5,53,11.3
2013,12,5.5,51,9.1
2013,12,4.8,55,9.3
2013,12,4,48,10.8
2013,12,4.4,50,11.8
2013,12,6.7,49,11.2
2013,12,5.7,48,9.5
2013,12,2.8,56,10.8
2013,12,7.7,69,13.4
2013,12,7.4,51,7.6
2013,12,8.2,54,6.3
2013,12,7.7,52,6.4
2013,12,8.6,51,5.7
2013,12,6,52,5.4
2013,12,7.3,50,5.7
2013,12,7,57,6.9
2013,12,10.1,67,10.3
2013,12,10.9,70,9.2
2013,12,7.8,58,5.5
2013,12,9.5,58,5.2
2013,12,9,,
2013,12,,50,5.8
2013,12,6.1,51,6.5
2013,12,6.8,54,7
2013,12,5.1,63,10
2013,12,6.9,59,7.8
2013,12,9.4,49,3.1
2013,12,8.1,45,2.2
2013,12,6.4,54,3.4
2013,12,8.1,53,7.3
2013,12,9.3,54,9.1
2014,1,7.5,45,9.2
2014,1,4.5,39,9.7
2014,1,2.5,45,10.4
2014,1,6.4,56,8.9
2014,1,7.7,58,7.8
2014,1,4.5,44,6.9
2014,1,4.2,47,8.7
2014,1,7.9,67,7
2014,1,10.9,42,1.6
2014,1,6.7,49,1.3
2014,1,5,50,4.3
2014,1,5.8,50,5.4
2014,1,6.8,41,2.9
2014,1,7.3,40,3.6
2014,1,8.4,42,4.1
2014,1,5.3,49,4.8
2014,1,5.8,47,6.1
2014,1,7.5,47,5.4
2014,1,5.1,46,3.7
2014,1,7.7,58,7.9
2014,1,7.4,52,2.5
2014,1,7.4,51,3.2
2014,1,5.3,55,5.5
2014,1,6.5,70,10.5
2014,1,8.1,74,13.9
2014,1,6.4,49,7.3
2014,1,5.8,62,8.3
2014,1,6.8,59,10.9
2014,1,3.7,58,10.8
2014,1,6.5,76,11.9
2014,1,3.7,41,10.8
2014,2,4.2,79,13.4
2014,2,6.3,88,12.7
2014,2,8,57,10.4
2014,2,11.4,45,0.6
2014,2,6.3,52,1.9
2014,2,8.8,75,5.2
2014,2,12.5,76,7.5
2014,2,10.5,68,7.4
2014,2,7.2,67,6.2
2014,2,12.9,84,5
2014,2,11.5,75,4.4
2014,2,9.4,68,5.5
2014,2,10.8,71,6.5
2014,2,12.9,65,6.2
2014,2,6.5,59,6.5
2014,2,2.8,55,8.4
2014,2,9.1,65,9.3
2014,2,13.5,67,6.2
2014,2,9.8,64,6
2014,2,5.7,56,7.3
2014,2,5,55,6.2
2014,2,4.3,61,7.9
2014,2,3.5,60,8.8
2014,2,3.5,67,9.8
2014,2,3.8,54,10.8
2014,2,8.4,77,11.4
2014,2,6.3,80,11.8
2014,2,9.1,,
2014,3,6.3,79,10.8
2014,3,7.4,72,9.2
2014,3,7.4,59,8.3
2014,3,5.2,55,9.4
2014,3,7.7,54,8.5
2014,3,7.4,38,5
2014,3,5.5,35,4.8
2014,3,5.4,42,5.8
2014,3,6.9,48,7.3
2014,3,6.8,46,5.7
2014,3,5.8,55,9.3
2014,3,,77,12.8
2014,3,,78,7.7
2014,3,,54,6.3
2014,3,,58,9.6
2014,3,,79,12.4
2014,3,,84,13.3
2014,3,9.8,85,12.7
2014,3,9.6,69,10.4
2014,3,5.7,62,9.6
2014,3,5.5,57,8
2014,3,5.7,57,10.5
2014,3,3.6,71,12.4
2014,3,5.7,71,12.8
2014,3,4.2,89,14.1
2014,3,5.6,92,13.8
2014,3,1.5,90,12.9
2014,3,2.8,88,14.5
2014,3,5.1,90,14.4
2014,3,5,80,13.4
2014,3,2.9,76,13.3
2014,4,2.2,82,14.1
2014,4,2.5,79,14.2
2014,4,3,79,14
2014,4,7.6,53,9.9
2014,4,7.2,60,9.8
2014,4,7.4,51,9.5
2014,4,5.9,61,12.5
2014,4,4.6,54,14.3
2014,4,4.1,76,13.8
2014,4,7.2,76,13.3
2014,4,6.6,70,13.1
2014,4,5.7,77,14
2014,4,8.5,76,13.4
2014,4,4.8,62,13.9
2014,4,4.7,75,14.7
2014,4,4,74,15.8
2014,4,6,81,14.2
2014,4,10.4,80,13.4
2014,4,12,68,13
2014,4,9.1,72,13
2014,4,3.5,75,14.4
2014,4,3.5,72,15.4
2014,4,2.4,73,15.3
2014,4,1.4,77,16
2014,4,1.9,77,16
2014,4,2.3,79,16.2
2014,4,2,81,16.5
2014,4,10.1,91,14.9
2014,4,4.1,89,15.2
2014,4,5.3,86,14.7
2014,5,5.7,87,15.4
2014,5,5.9,61,15.3
2014,5,4.9,75,15
2014,5,6.9,49,14.3
2014,5,5.5,45,14
2014,5,5.4,69,15.2
2014,5,7.3,80,16.6
2014,5,4.6,65,16.3
2014,5,8,73,15.4
2014,5,6.4,83,16.3
2014,5,9.7,86,16.2
2014,5,6.1,85,16.1
2014,5,3.9,85,15.6
2014,5,4.1,73,17.5
2014,5,5.4,76,16.8
2014,5,3.6,76,17.2
2014,5,2.1,88,16.7
2014,5,2,91,15.9
2014,5,4,89,16.8
2014,5,5.2,85,17.1
2014,5,3.5,83,17.6
2014,5,5,78,17.4
2014,5,3.9,89,17.6
2014,5,5.4,93,18.4
2014,5,6.9,86,18.2
2014,5,5.6,81,18
2014,5,5.9,91,18.1
2014,5,4,92,17.8
2014,5,6.1,93,17.4
2014,5,4.9,92,18.4
2014,6,4.3,92,18.5
2014,6,3,85,18.8
2014,6,6.5,89,19
2014,6,11.5,87,18.8
2014,6,6.7,90,18.3
2014,6,4.5,81,18.7
2014,6,6.6,81,18.6
2014,6,4.7,82,19
2014,6,6.6,82,19.4
2014,6,8.9,85,19.5
2014,6,8.2,84,19.4
2014,6,3.8,,
2014,6,4.1,84,19.9
2014,6,5.2,88,19.9
2014,6,5.4,86,19.8
2014,6,3.3,90,19.8
2014,6,3.6,89,19.5
2014,6,7.7,84,20.2
2014,6,3.1,86,20.7
2014,6,7.2,86,20.7
2014,6,10.5,88,20.2
2014,6,8.2,81,20.2
2014,6,2.8,81,20.5
2014,6,3.5,86,21
2014,6,2.9,89,21.1
2014,6,2.7,91,20.8
2014,6,3.7,89,21.7
2014,6,4.6,88,21.6
2014,6,5.1,84,21.7
2014,6,2.7,90,21.5
2014,7,3,92,21.6
2014,7,2.5,89,21.7
2014,7,5.7,92,21.7
2014,7,4.6,85,22.3
2014,7,5.7,82,22.3
2014,7,6.4,87,21.4
2014,7,4.1,91,22
2014,7,2.6,94,22.6
2014,7,7.3,91,23.7
2014,7,5.1,89,23.9
2014,7,4.9,83,23.7
2014,7,5,91,22.8
2014,7,4.2,89,21.4
2014,7,4.7,92,21.6
2014,7,2.4,93,21.7
2014,7,2.7,95,21.7
2014,7,4,95,20.9
2014,7,3.4,93,22.2
2014,7,4.2,90,23.2
2014,7,2.4,91,23.4
2014,7,3.6,89,23.9
2014,7,5.8,93,23.4
2014,7,5.8,94,23.2
2014,7,4.6,95,23.6
2014,7,5,94,25.4
2014,7,7.9,91,23.7
2014,7,4.6,83,23
2014,7,5,83,23.1
2014,7,2,91,25.3
2014,7,2.8,89,26.5
2014,8,8.1,86,25.9
2014,8,9.8,86,25.6
2014,8,9.5,90,25.1
2014,8,9.8,92,23.6
2014,8,6.6,92,23.4
2014,8,5.7,93,23.3
2014,8,5.9,91,23.4
2014,8,11.8,87,22.7
2014,8,12.3,83,23.9
2014,8,5.4,83,23.8
2014,8,3.4,84,23.2
2014,8,3.1,82,23.9
2014,8,1.9,87,23.7
2014,8,8.7,89,21.7
2014,8,7.1,90,22.4
2014,8,5.1,84,23.4
2014,8,7.6,84,23
2014,8,7.6,91,24.1
2014,8,4,92,23.7
2014,8,4,92,23.4
2014,8,8.5,88,24.2
2014,8,5.1,86,23.7
2014,8,4.2,87,23.8
2014,8,1.4,91,24.1
2014,8,5.7,91,24.6
2014,8,3.5,88,23.9
2014,8,9.6,77,22.7
2014,8,7.9,76,22.7
2014,8,9.2,77,22.8
2014,8,9.4,75,22.8
2014,8,8.1,76,22.5
2014,9,8.6,75,22.8
2014,9,8.6,79,23.4
2014,9,5.9,89,23.6
2014,9,5.7,85,22.8
2014,9,2.5,83,23.5
2014,9,3.4,80,22.5
2014,9,6.4,80,23.3
2014,9,3.9,79,24.1
2014,9,3.1,84,23.7
2014,9,5.1,82,24
2014,9,7.5,72,23.7
2014,9,6.4,68,23.6
2014,9,8.8,66,23.4
2014,9,8.1,70,23.1
2014,9,4.2,73,23.1
2014,9,5.3,74,23.8
2014,9,4.5,75,23.1
2014,9,8.4,68,22.3
2014,9,7,56,23.2
2014,9,5.5,58,23.1
2014,9,6.7,64,22.9
2014,9,8,69,23
2014,9,7.8,73,23.2
2014,9,8.2,88,23.1
2014,9,6.6,76,22.1
2014,9,8.9,67,22.1
2014,9,3.9,72,21.7
2014,9,5.1,77,22.7
2014,9,5.1,71,23.3
2014,9,9.3,77,21.5
2014,10,9.1,69,20.9
2014,10,5.2,71,21.4
2014,10,5.4,62,21.6
2014,10,13.7,64,20.3
2014,10,13.8,63,19.9
2014,10,7.9,61,19.2
2014,10,5.6,63,19.4
2014,10,6.7,67,20
2014,10,7.7,71,20.3
2014,10,10.1,75,20.8
2014,10,14.2,72,20.6
2014,10,13.9,80,20.9
2014,10,,78,18.9
2014,10,,59,17.1
2014,10,,58,18.4
2014,10,,52,18.3
2014,10,,38,17.3
2014,10,,52,18.4
2014,10,,63,20.4
2014,10,,83,21.9
2014,10,,86,20
2014,10,,76,17
2014,10,,60,16.8
2014,10,,66,18.1
2014,10,,70,19.1
2014,10,4.3,70,19.7
2014,10,5.2,65,18.7
2014,10,3.1,59,17.3
2014,10,3.3,63,17.7
2014,10,3.9,63,18.7
2014,10,6.5,80,18.4
2014,11,2.1,85,18.6
2014,11,7.3,62,16.7
2014,11,7.2,44,12.7
2014,11,3.9,54,13.9
2014,11,3.4,65,15.8
2014,11,3.1,59,16.7
2014,11,5.8,64,17
2014,11,2.9,68,17.2
2014,11,5,62,16.3
2014,11,6.2,59,15.5
2014,11,4.4,57,15.5
2014,11,9.4,56,13.9
2014,11,7.1,51,7.8
2014,11,4.9,51,9.9
2014,11,3.8,43,11.5
2014,11,3.7,51,13.2
2014,11,6.1,52,13
2014,11,7.2,46,10.9
2014,11,3.3,43,11.2
2014,11,3,43,12.2
2014,11,2.6,68,14.1
2014,11,2.3,74,14.6
2014,11,5.9,71,15.1
2014,11,8.7,84,14.6
2014,11,11.4,75,13.9
2014,11,6.3,65,13.9
2014,11,3.6,65,14.4
2014,11,5.2,74,16.3
2014,11,5.9,68,14.3
2014,11,5.1,76,15.1
2014,12,10.7,57,8.4
2014,12,6.5,50,2.3
2014,12,9.4,60,6.8
2014,12,8.1,56,5.9
2014,12,7.1,54,2.7
2014,12,8.3,53,3.2
2014,12,4.5,50,4.3
2014,12,7,64,6.7
2014,12,7.6,57,6.5
2014,12,5,67,11
2014,12,6.8,57,8.4
2014,12,8.5,57,4.7
2014,12,6.7,54,3.6
2014,12,4.9,47,3.2
2014,12,2.7,52,7.3
2014,12,9.6,61,5.3
2014,12,9.5,54,-0.2
2014,12,7.2,39,1.6
2014,12,2.3,66,5.8
2014,12,5.7,64,7.1
2014,12,6.4,54,2.3
2014,12,7.7,56,3.3
2014,12,5.3,53,6
2014,12,6.2,55,9.2
2014,12,6.4,45,4.5
2014,12,5.9,45,4.4
2014,12,5.1,61,7.2
2014,12,4.7,51,7.4
2014,12,5.8,58,7.7
2014,12,6.3,49,9.7
2014,12,8.5,55,7.4
2015,1,9.6,47,0.1
2015,1,7,50,1.5
2015,1,5,49,3.6
2015,1,4.2,67,9
2015,1,5.2,71,10.9
2015,1,8.7,56,9.4
2015,1,8.9,41,2.8
2015,1,6.1,44,3
2015,1,6,48,4.6
2015,1,4.1,43,5.8
2015,1,7.3,48,6.7
2015,1,6.6,54,3.9
2015,1,4.7,61,7.4
2015,1,6.4,76,8.2
2015,1,6.5,70,9
2015,1,6.6,66,7.8
2015,1,7.1,44,4.3
2015,1,7.8,50,5.4
2015,1,6,48,7.1
2015,1,5,64,6.3
2015,1,5,77,9.2
2015,1,7.6,74,7.2
2015,1,4.5,58,6.3
2015,1,3.7,61,6.4
2015,1,3.8,68,10.2
2015,1,5.3,85,11.7
2015,1,7.1,58,7
2015,1,9,60,4.4
2015,1,7.7,61,7.9
2015,1,8.8,57,4.6
2015,1,7.2,46,2
2015,2,4.2,45,4.3
2015,2,4.5,55,6.7
2015,2,4.1,62,7.6
2015,2,5.5,64,6.4
2015,2,8.2,52,4.7
2015,2,5.7,55,5
2015,2,6.8,60,6.4
2015,2,8.5,41,1.2
2015,2,7.5,43,-1.4
2015,2,8.3,55,5.3
2015,2,8.5,58,7.7
2015,2,7.6,49,6.4
2015,2,6.2,41,2.8
2015,2,6.3,53,6
2015,2,5.8,65,9.8
2015,2,9.1,82,9
2015,2,6.1,62,7.3
2015,2,7,59,5.2
2015,2,5.9,63,5.8
2015,2,5.6,61,7.5
2015,2,7.3,77,10.7
2015,2,8,83,10.8
2015,2,5.3,56,6.6
2015,2,4.5,55,7.7
2015,2,3.1,63,10
2015,2,6.1,54,9.1
2015,2,6.8,45,3
2015,2,9.3,69,6.9
2015,3,,67,5.9
2015,3,,46,5.7
2015,3,,74,7.1
2015,3,,44,4
2015,3,,56,4.4
2015,3,,60,7.3
2015,3,,62,8.4
2015,3,,68,8.9
2015,3,,51,8.8
2015,3,,39,0.9
2015,3,,50,4.7
2015,3,,46,6.5
2015,3,,70,9.1
2015,3,,44,8.6
2015,3,,54,10.6
2015,3,,69,11.6
2015,3,,82,12.6
2015,3,,90,11.4
2015,3,,84,10.8
2015,3,,81,12.1
2015,3,,78,12.4
2015,3,6.4,48,13
2015,3,7.6,39,8.5
2015,3,4.7,44,7.8
2015,3,3.6,52,9.6
2015,3,5.4,55,10.3
2015,3,4.6,66,11.2
2015,3,5.4,70,12.2
2015,3,3.6,80,12.6
2015,3,2.5,88,13.4
2015,3,3,94,13.7
2015,4,9.5,87,12.2
2015,4,7.3,86,13.4
2015,4,10.2,90,13.5
2015,4,12.2,81,10.7
2015,4,7.2,90,10.9
2015,4,7.4,88,11.5
2015,4,10.1,72,10.4
2015,4,8.3,67,9.8
2015,4,7.4,66,10
2015,4,8.7,71,11.2
2015,4,6.9,70,11.8
2015,4,10.8,79,12.3
2015,4,12.2,88,11.4
2015,4,6.3,72,10.4
2015,4,8.1,75,11.5
2015,4,6.9,79,13.3
2015,4,5.1,51,12.1
2015,4,2.1,73,13
2015,4,3.6,97,14.8
2015,4,10.4,84,11.8
2015,4,3.1,76,12.3
2015,4,4.1,78,13.5
2015,4,4.1,76,13.7
2015,4,5.5,79,13.5
2015,4,3.4,76,14.5
2015,4,4.6,81,13.9
2015,4,4.7,84,14
2015,4,1.4,92,14.8
2015,4,6.8,95,14.1
2015,4,6.2,90,14.1
2015,5,2.7,91,14.8
2015,5,1.6,93,15.7
2015,5,3.9,97,15.6
2015,5,4.2,81,15.9
2015,5,5.3,59,14.2
2015,5,4,82,14
2015,5,3.1,79,15.1
2015,5,1.8,80,15.9
2015,5,2.6,80,15.9
2015,5,7.9,84,14.7
2015,5,5.8,90,15.4
2015,5,10.1,84,14.6
2015,5,9,86,15.2
2015,5,5,95,15.5
2015,5,5,99,14.6
2015,5,5.5,91,14.3
2015,5,2.3,92,14.2
2015,5,3.6,91,14.6
2015,5,3.7,93,15.1
2015,5,4.3,77,16.5
2015,5,4.4,81,16
2015,5,4.1,87,16.4
2015,5,4.2,80,16.6
2015,5,2.9,83,16.9
2015,5,3.5,89,17.6
2015,5,3.1,85,18.4
2015,5,3,88,18.8
2015,5,5.2,90,17.8
2015,5,2.5,88,18.7
2015,5,2.2,92,17.5
2015,5,3.6,90,18
2015,6,3.1,91,18.3
2015,6,2.8,93,18.7
2015,6,4.2,80,18.9
2015,6,2.2,76,18.9
2015,6,4.9,87,16.3
2015,6,3.3,81,17
2015,6,3.2,88,18.2
2015,6,2.9,95,18.2
2015,6,2.8,95,18.6
2015,6,1.6,89,19.9
2015,6,3.8,97,19.4
2015,6,6.4,99,18.7
2015,6,3.5,96,19.1
2015,6,2.1,97,18.6
2015,6,3.9,97,19
2015,6,3.1,97,18.4
2015,6,4.6,93,19.2
2015,6,9.6,90,19.5
2015,6,7.3,84,19.1
2015,6,4,89,18.7
2015,6,3.8,89,19.7
2015,6,2.2,92,19.6
2015,6,2.6,92,20.3
2015,6,6.4,93,20
2015,6,7.6,93,20.2
2015,6,7.3,94,20.6
2015,6,7,88,19.6
2015,6,7.7,82,19.1
2015,6,3.7,85,19.9
2015,6,3.5,94,19.7
2015,7,5.7,91,20.1
2015,7,4.8,92,19.7
2015,7,3.7,92,20.3
2015,7,6.9,86,20.1
2015,7,4.7,85,19.8
2015,7,6.8,86,19.9
2015,7,7.9,93,19
2015,7,6.7,96,19.9
2015,7,8.4,93,20.6
2015,7,9.2,92,20.9
2015,7,6.5,96,21.1
2015,7,8.1,94,22.6
2015,7,8.7,93,21.4
2015,7,5.1,98,20.9
2015,7,5.5,94,20.9
2015,7,10.2,80,20.9
2015,7,4.7,73,20.3
2015,7,3.3,77,20.8
2015,7,7.5,83,21.2
2015,7,8,93,21.4
2015,7,5,95,21.7
2015,7,3.9,98,22.5
2015,7,6.8,97,23.7
2015,7,7.8,96,23.9
2015,7,3.6,96,23.4
2015,7,3.2,94,24
2015,7,5.6,93,24.4
2015,7,6.5,96,24.4
2015,7,6.4,98,24.1
2015,7,5.6,97,24.2
2015,7,4.7,95,24.3
2015,8,4.6,95,24.2
2015,8,4.9,96,24.3
2015,8,4.1,97,24
2015,8,4.6,96,24.2
2015,8,4,95,24.4
2015,8,1.6,89,25.8
2015,8,4.6,91,26.8
2015,8,4.6,91,26.8
2015,8,3.6,89,26.5
2015,8,2.9,86,26.3
2015,8,2.4,84,25.9
2015,8,7,87,24.3
2015,8,4.1,83,24.5
2015,8,3.8,89,24.2
2015,8,1.5,83,25.2
2015,8,5.1,89,24.8
2015,8,6.8,84,24.1
2015,8,7.9,83,25.1
2015,8,7.6,87,25.5
2015,8,3.7,89,25
2015,8,4.6,89,23.9
2015,8,2.4,84,24.8
2015,8,3.1,87,24.9
2015,8,8.9,84,25
2015,8,10.9,85,23.3
2015,8,2.7,80,23.2
2015,8,5.4,85,23.8
2015,8,4.6,87,24.2
2015,8,1.4,86,24
2015,8,2.5,86,24
2015,8,7.6,86,23.7
2015,9,6.7,84,23.5
2015,9,5.9,85,24.1
2015,9,5.1,85,24
2015,9,4.4,79,23.7
2015,9,5.1,77,23.6
2015,9,9.4,82,21.9
2015,9,11.3,72,21.6
2015,9,11.9,69,21.4
2015,9,9.7,66,22.2
2015,9,3.7,61,22
2015,9,3.9,79,22.4
2015,9,5.9,78,22.3
2015,9,3.9,59,21.2
2015,9,7,68,21.6
2015,9,10,69,21.9
2015,9,10.6,81,20.9
2015,9,11,87,20.3
2015,9,9.2,73,21.4
2015,9,4,75,21.3
2015,9,2.8,74,21.7
2015,9,5.4,76,22.2
2015,9,6.8,76,22.3
2015,9,7.2,85,21.7
2015,9,9.7,88,21.3
2015,9,8.1,80,22.1
2015,9,4.9,81,22.1
2015,9,7.3,79,22.1
2015,9,6.7,79,22.3
2015,9,10.3,73,21.9
2015,9,6.9,72,20.8
2015,10,9.8,87,22.1
2015,10,8.2,48,18.5
2015,10,5.4,68,19.9
2015,10,6.3,61,20.3
2015,10,5.2,65,19.8
2015,10,4.4,69,19.7
2015,10,6.2,71,20.3
2015,10,5.3,71,20
2015,10,4.7,58,20
2015,10,6.6,60,18.4
2015,10,8.5,56,16.9
2015,10,7,54,17.3
2015,10,5.8,57,17.5
2015,10,3.5,59,18.5
2015,10,3.2,73,19.1
2015,10,4.3,75,19
2015,10,6.7,74,18.9
2015,10,2.6,80,18.6
2015,10,5.6,79,19.3
2015,10,5.4,80,19.4
2015,10,5.2,80,19.7
2015,10,9.2,75,19
2015,10,4.1,77,18.4
2015,10,4.1,76,19.2
2015,10,10.3,59,17.5
2015,10,6.2,62,17.3
2015,10,6.8,72,18.2
2015,10,6.3,50,14.8
2015,10,5.2,57,16.4
2015,10,6.1,51,13.6
2015,10,6.4,44,11.3
2015,11,5.9,64,12.7
2015,11,4.3,58,13.8
2015,11,3.7,58,15
2015,11,3.7,74,15.7
2015,11,2.3,79,16.8
2015,11,9.2,75,16.9
2015,11,8.4,91,16.9
2015,11,7.3,91,16.7
2015,11,4.2,80,16
2015,11,6.8,72,15
2015,11,7.7,77,15.9
2015,11,10.6,65,17.3
2015,11,10.2,86,16.1
2015,11,4.1,88,16.7
2015,11,3.1,76,16.6
2015,11,3.9,82,17.8
2015,11,7.1,89,16.8
2015,11,13.1,83,14.4
2015,11,8.6,75,14.3
2015,11,3.1,76,14.7
2015,11,6.2,78,15
2015,11,8.1,82,15.1
2015,11,7.4,83,15.3
2015,11,9,73,13.4
2015,11,8.3,74,10.8
2015,11,9.6,59,6.1
2015,11,7.8,60,6.1
2015,11,3,57,8
2015,11,2.2,56,10.7
2015,11,3.5,63,12.8
2015,12,5.3,65,12.4
2015,12,5.3,72,14.3
2015,12,10.7,54,7.9
2015,12,6.8,58,7
2015,12,4.9,54,8.5
2015,12,4.3,57,9.5
2015,12,6.8,72,11.2
2015,12,6.1,72,11.9
2015,12,3.8,73,13
2015,12,6.6,88,14.2
2015,12,10.5,74,11.5
2015,12,8.2,64,10.5
2015,12,5.2,60,11.6
2015,12,6,73,12.9
2015,12,6,70,11.6
2015,12,8.6,56,6.6
2015,12,7.6,48,2.8
2015,12,6.8,53,4.4
2015,12,6.1,59,8.4
2015,12,3.8,73,9.9
2015,12,3.6,76,10.5
2015,12,6.3,67,11.4
2015,12,6,79,12.8
2015,12,6.5,61,10.3
2015,12,7.3,43,6.9
2015,12,7,54,9.6
2015,12,5.7,52,7.7
2015,12,7.7,51,3.2
2015,12,6.1,45,4
2015,12,4.3,53,5.9
2015,12,6.8,57,7.7
2016,1,5.7,60,6.7
2016,1,5.9,67,10.8
2016,1,4.2,73,12.2
2016,1,4.1,53,11.6
2016,1,5.6,55,7.8
2016,1,7.6,50,6.4
2016,1,5.8,56,5.2
2016,1,6.3,54,4
2016,1,5.8,54,5
2016,1,3.1,51,5.8
2016,1,6.7,44,5.8
2016,1,7.2,43,4.5
2016,1,7,55,2.8
2016,1,5.1,54,4.2
2016,1,2.3,51,5.8
2016,1,4.6,60,7.9
2016,1,8,72,9.7
2016,1,10.2,63,4
2016,1,10.6,54,-1.1
2016,1,7.9,51,-0.1
2016,1,8.5,48,2
2016,1,9.1,45,2.5
2016,1,9.2,51,-0.7
2016,1,10.5,59,-4.7
2016,1,6.5,56,-0.5
2016,1,7.7,59,3
2016,1,6.4,55,6
2016,1,6.1,77,6.7
2016,1,11.7,86,7
2016,1,8.2,78,7.6
2016,1,5.8,65,5.7
2016,2,7.2,51,3.1
2016,2,6.6,47,2.2
2016,2,6.8,49,3.5
2016,2,4.4,43,4.7
2016,2,6.4,42,5.3
2016,2,6.5,50,3.3
2016,2,5,56,3.6
2016,2,7.7,52,5.4
2016,2,7.5,41,7.3
2016,2,4.8,53,7
2016,2,4.6,65,10.9
2016,2,8.7,83,13.8
2016,2,6.5,97,13.9
2016,2,9.6,69,6.3
2016,2,9.1,51,0.6
2016,2,7.8,59,3.1
2016,2,5.8,50,4.3
2016,2,5.9,57,6.5
2016,2,4.6,55,9.5
2016,2,5.2,67,8.4
2016,2,5.5,40,4.5
2016,2,3.3,55,6.7
2016,2,5.3,50,8
2016,2,6.4,51,3.7
2016,2,8.3,48,3.3
2016,2,7.1,60,7
2016,2,8.3,65,10.7
2016,2,5.3,75,10.7
2016,2,8.9,54,2
2016,3,6.8,50,1.6
2016,3,6.5,56,6.5
2016,3,3.8,71,10.6
2016,3,5.4,92,11.8
2016,3,8,90,13.4
2016,3,5.1,97,12.4
2016,3,6.7,74,11.2
2016,3,6.2,67,10
2016,3,8.8,74,7.4
2016,3,7.8,47,6.2
2016,3,5.7,51,3.4
2016,3,4.2,39,5.4
2016,3,4.4,53,8.1
2016,3,7.8,62,7.9
2016,3,4,54,8.1
2016,3,5,61,10.7
2016,3,2.6,78,11.7
2016,3,4.2,95,12.6
2016,3,6.6,79,12
2016,3,7.6,68,10.3
2016,3,4.4,63,10
2016,3,5.9,73,10.9
2016,3,8.1,72,10.8
2016,3,9.5,66,8.6
2016,3,4.8,56,8.8
2016,3,2.8,66,8.5
2016,3,6.1,62,9.3
2016,3,6.4,58,11
2016,3,6.9,73,12.7
2016,3,3.9,84,13.2
2016,3,1.7,89,13
2016,4,5.1,88,12.9
2016,4,3.1,87,13.7
2016,4,6,93,13.4
2016,4,7.8,83,12.1
2016,4,4.5,78,12.7
2016,4,3.7,79,13.3
2016,4,4.3,93,12.3
2016,4,3,85,14.2
2016,4,4,79,14.8
2016,4,6.4,79,13.4
2016,4,9.6,71,10.9
2016,4,5.3,69,12.2
2016,4,4.2,93,14.1
2016,4,3.9,83,14.8
2016,4,6.9,70,13.7
2016,4,5.2,83,14.2
2016,4,10.8,69,14
2016,4,6.1,60,13.5
2016,4,4.1,66,13.3
2016,4,2,78,14.1
2016,4,6.2,95,14.5
2016,4,4.9,94,13.7
2016,4,3.1,84,14.6
2016,4,6.4,72,14.3
2016,4,4.5,80,14
2016,4,7.2,78,14.3
2016,4,13.5,88,12.6
2016,4,6.7,81,12.8
2016,4,4,63,14.2
2016,4,6.6,88,14.7
2016,5,5.2,91,15.4
2016,5,3.2,92,16.7
2016,5,12.3,83,15.6
2016,5,10.2,78,15.2
2016,5,2.6,82,15.2
2016,5,3.8,96,15.2
2016,5,4.6,81,15.6
2016,5,4.7,85,15.4
2016,5,2.6,86,15.4
2016,5,6.4,91,14.3
2016,5,3.3,84,14.4
2016,5,3.4,89,15.4
2016,5,5.4,85,15.6
2016,5,8.5,84,14.9
2016,5,3.6,92,16.4
2016,5,7.1,81,15
2016,5,1.8,71,16.4
2016,5,1.6,81,17.2
2016,5,3.7,86,17.3
2016,5,6.3,88,17.6
2016,5,7.2,78,17.7
2016,5,7.7,82,17.5
2016,5,3.9,89,17.7
2016,5,4.9,94,17.9
2016,5,3.3,86,17.8
2016,5,3.1,87,18.8
2016,5,2.6,88,19.7
2016,5,3.1,86,18.8
2016,5,3.1,90,18.9
2016,5,2.4,87,20
2016,5,2.8,88,19.8
2016,6,9.5,74,19.4
2016,6,4.2,77,19
2016,6,3.1,84,19.6
2016,6,3.9,88,19.3
2016,6,10.7,86,19.6
2016,6,8.6,93,19.2
2016,6,2.6,93,20.2
2016,6,3,96,20
2016,6,4,94,20.4
2016,6,3.3,92,21
2016,6,1.6,94,21.4
2016,6,2.1,98,21.5
2016,6,4.9,94,21.1
2016,6,2.4,88,21.8
2016,6,3.4,94,22.1
2016,6,6.3,93,21.6
2016,6,4.7,87,20.6
2016,6,3.5,94,21.2
2016,6,5.2,98,21.6
2016,6,4.3,99,21.7
2016,6,5.5,94,22.2
2016,6,5.2,95,22
2016,6,2.9,89,22
2016,6,6.1,93,21.9
2016,6,7.2,83,20.4
2016,6,5.2,87,20.2
2016,6,3,95,19.5
2016,6,2,88,20.4
2016,6,2.8,93,21
2016,6,3.5,95,21.9
2016,7,6.9,95,22.9
2016,7,8.3,96,21.4
2016,7,3.4,95,20.8
2016,7,3.6,97,21.9
2016,7,5.1,97,22.7
2016,7,4,,22.8
2016,7,2.6,,23
2016,7,3.6,97,23.7
2016,7,1.6,92,24.6
2016,7,3.2,92,24.7
2016,7,3.5,94,25.2
2016,7,4.1,96,24.7
2016,7,4.1,97,23.9
2016,7,4.7,91,23.8
2016,7,6.3,84,24
2016,7,5.8,91,24.2
2016,7,5.3,92,23.7
2016,7,2.5,93,23.9
2016,7,4.9,91,24.5
2016,7,8,86,24.3
2016,7,6.6,81,25.2
2016,7,6.1,79,25.7
2016,7,3,80,26.8
2016,7,2.1,88,27.5
2016,7,3.1,93,26.7
2016,7,4,92,27.7
2016,7,4.4,91,28.1
2016,7,4.9,91,28.4
2016,7,3.7,92,28.4
2016,7,3.7,90,28.8
2016,7,1.8,86,29.4
2016,8,2.2,88,28.5
2016,8,3.5,84,28.7
2016,8,3.5,84,28.6
2016,8,5.3,83,29.1
2016,8,5.1,81,29.4
2016,8,4.1,82,29.9
2016,8,2.1,82,30.6
2016,8,2.2,82,31
2016,8,7.3,80,29.5
2016,8,2,75,31
2016,8,2.7,80,32.1
2016,8,3.3,83,31.4
2016,8,5.2,79,31.2
2016,8,4.1,81,31.3
2016,8,2.5,80,31.5
2016,8,4.7,79,30.1
2016,8,4.4,75,30.5
2016,8,5.7,76,30.4
2016,8,6.2,79,30.1
2016,8,7.3,75,30
2016,8,7.8,76,30
2016,8,6.7,77,29.9
2016,8,7.2,74,29.4
2016,8,7.8,72,29.2
2016,8,4.6,81,29.8
2016,8,8.5,84,26.3
2016,8,10.7,67,26.2
2016,8,9.4,,21.6
2016,8,6.3,,25.2
2016,8,7.7,,26.1
2016,8,10.9,71,26.6
2016,9,6.9,81,27.3
2016,9,6.7,,23.5
2016,9,4.9,,26.6
2016,9,7.2,,26.6
2016,9,4.2,,27
2016,9,1.4,,27.1
2016,9,2.7,,26.7
2016,9,3,75,25.5
2016,9,2,77,26.3
2016,9,4.9,78,26.1
2016,9,7.2,81,25.7
2016,9,8.3,86,24
2016,9,6.8,81,24.5
2016,9,5.1,81,24.9
2016,9,3.3,82,25
2016,9,3.8,82,25.4
2016,9,9.4,91,24
2016,9,11.2,87,23.6
2016,9,13.5,82,23
2016,9,11.3,64,22.7
2016,9,9.3,68,22.7
2016,9,7.8,79,23.1
2016,9,6.9,78,23.1
2016,9,6.7,81,23.4
2016,9,5.1,86,23.8
2016,9,5.4,90,24.4
2016,9,2.9,94,24
2016,9,4.3,94,23.1
2016,9,11.3,77,21.5
2016,10,3.3,95,23.7
2016,10,9.8,84,23.3
2016,10,10.4,83,23.2
2016,10,6.5,76,22.3
2016,10,8.9,69,21.9
2016,10,4.3,88,21
2016,10,9.6,57,17.9
2016,10,8.5,65,18.5
2016,10,6.2,66,18.9
2016,10,6.9,64,20.5
2016,10,3.9,72,20.9
2016,10,5.2,76,20.8
2016,10,7.2,74,21.4
2016,10,4.7,88,20.7
2016,10,2.7,90,21.4
2016,10,6.2,79,21.5
2016,10,4.4,76,21.2
2016,10,7.6,77,21.3
2016,10,10.5,73,20.2
2016,10,9,75,20.6
2016,10,13.3,75,19.5
2016,10,8.8,66,19
2016,10,5.2,81,21.3
2016,10,6,74,20.3
2016,10,10.2,73,20.2
2016,10,8.4,87,18.5
2016,10,7.8,70,17.8
2016,10,6.1,59,16.2
2016,10,5.4,64,16.5
2016,11,7.5,,12.1
2016,11,7.2,49,12
2016,11,3.2,,14.9
2016,11,5.8,63,16.6
2016,11,6.8,73,18.8
2016,11,10.3,77,18.4
2016,11,6.5,63,17.8
2016,11,6.4,59,16.1
2016,11,8.4,59,12.7
2016,11,7.5,68,15.6
2016,11,6.1,60,15.9
2016,11,3,68,16.8
2016,11,3.6,79,18.8
2016,11,6.2,85,19.7
2016,11,6.5,61,18.1
2016,11,4.2,58,16
2016,11,6,60,16.6
2016,11,5.6,82,17.2
2016,11,5.1,89,17.8
2016,11,4.9,77,18.4
2016,11,7.9,76,18.3
2016,11,7.6,68,14.9
2016,11,8.3,57,11.6
2016,11,10,45,7.4
2016,11,6.5,52,8.8
2016,11,6.4,70,10.8
2016,11,8,67,11.9
2016,11,6.1,53,11
2016,11,7.1,51,11.4
2016,11,5.5,83,14.2
2016,12,6.9,,12.9
2016,12,6.1,45,11.1
2016,12,4.5,54,12.8
2016,12,4.3,65,14.3
2016,12,6.8,,14.6
2016,12,6.1,44,9.7
2016,12,5.2,57,10.5
2016,12,4.8,59,11.6
2016,12,7,56,12.8
2016,12,6.8,42,9.2
2016,12,5.7,53,9.7
2016,12,4.4,69,13
2016,12,6.7,70,13.6
2016,12,8,68,9.8
2016,12,9.5,,5.7
2016,12,8.6,,4.7
2016,12,4.8,,8.8
2016,12,4.2,66,12.6
2016,12,3.4,86,14.2
2016,12,6.6,82,14.9
2016,12,7.1,86,16.8
2016,12,11.8,78,14
2016,12,9.2,61,7.8
2016,12,5.3,,6.9
2016,12,5.6,74,11.1
2016,12,6.8,86,11.7
2016,12,9.4,63,8.1
2016,12,5.6,,7
2016,12,6.1,,6.2
2016,12,4.8,43,6
2016,12,4.5,44,7.9
2017,1,3.3,60,9.8
2017,1,5.1,66,12
2017,1,4.6,53,10.8
2017,1,5.2,54,11.3
2017,1,10,72,11.8
2017,1,9.2,64,11.3
2017,1,7,72,12.2
2017,1,7.2,75,12.4
2017,1,7.1,59,10.7
2017,1,6.7,,6.9
2017,1,8.8,52,4.2
2017,1,7.7,,7.4
2017,1,8.3,54,5.3
2017,1,10.1,53,2.1
2017,1,9.4,,2.4
2017,1,7.2,49,5.1
2017,1,4.1,54,7.9
2017,1,6.1,57,8.4
2017,1,5.2,56,8.1
2017,1,10.5,57,5.7
2017,1,7.5,59,3.9
2017,1,8.6,54,3.6
2017,1,7.7,51,1.4
2017,1,7.8,48,2.9
2017,1,4.2,45,4.8
2017,1,6.9,50,7.4
2017,1,8,55,10.3
2017,1,4.2,55,8.8
2017,1,4.2,84,11.5
2017,1,8.4,60,6.8
2017,1,5.6,63,5.9
2017,2,7.2,50,5.8
2017,2,6.1,40,6.8
2017,2,4.5,45,8.4
2017,2,3.4,52,11.5
2017,2,6.9,77,10.4
2017,2,7.7,47,7.1
2017,2,4.6,53,7.2
2017,2,4.5,56,8.6
2017,2,10.1,52,3.9
2017,2,10.1,53,1.9
2017,2,8.2,54,2.6
2017,2,6.1,53,4.9
2017,2,7.1,50,7.3
2017,2,4.7,52,8.5
2017,2,5,58,9.8
2017,2,7.2,76,13.5
2017,2,7.5,70,13.6
2017,2,7.6,40,6.9
2017,2,7.1,53,8
2017,2,9.5,58,12.9
2017,2,6.8,63,7
2017,2,7.2,82,11.7
2017,2,8,61,8.7
2017,2,7.9,49,5.3
2017,2,5.6,52,7.8
2017,2,4.3,52,8.7
2017,2,7,69,10.1
2017,2,3.9,69,10.8
2017,3,3.5,62,11.5
2017,3,6.8,65,9.3
2017,3,6.3,47,8.6
2017,3,3.9,58,11.5
2017,3,4.5,67,11.9
2017,3,7.4,45,9.4
2017,3,6.9,51,5.8
2017,3,7.1,54,5
2017,3,9.2,51,8.7
2017,3,5.3,49,10.1
2017,3,4.4,49,11.8
2017,3,3.5,64,12.6
2017,3,6.4,62,12.5
2017,3,5.9,67,10.9
2017,3,6.1,58,9.5
2017,3,4.1,62,10.9
2017,3,3.2,53,11.9
2017,3,3.1,64,12.6
2017,3,6.1,65,13.4
2017,3,6.5,73,13.7
2017,3,8.8,75,11.2
2017,3,4.1,61,11
2017,3,3.4,55,13.1
2017,3,7.5,62,12
2017,3,6.7,64,11.5
2017,3,5.3,77,9.7
2017,3,5.7,60,10.4
2017,3,5.5,49,11.7
2017,3,4,80,11.1
2017,3,5.9,71,13.5
2017,3,9.5,76,12.5
2017,4,5,77,11.1
2017,4,5.4,62,11.7
2017,4,5.8,56,14.6
2017,4,3.8,68,15.7
2017,4,7,85,16.4
2017,4,8.4,95,15.8
2017,4,4.6,91,14.7
2017,4,3.8,87,15.6
2017,4,10.1,78,14.8
2017,4,12.3,78,13.6
2017,4,7.1,82,13.9
2017,4,6.2,60,14.9
2017,4,7,62,15
2017,4,7.6,80,16.3
2017,4,6.2,89,16.6
2017,4,3.6,98,15
2017,4,6.5,96,16.8
2017,4,6,83,15.9
2017,4,7.5,64,15.2
2017,4,3.6,71,15.8
2017,4,4.6,66,15.8
2017,4,5.9,73,14.8
2017,4,3,73,15.6
2017,4,3,78,16.3
2017,4,4,91,17.3
2017,4,2.9,89,15.7
2017,4,6.6,55,15.7
2017,4,8,70,15.5
2017,4,6.3,78,16
2017,4,9.1,82,16.2
2017,5,7.8,80,16
2017,5,8,79,15.9
2017,5,4.1,86,16.3
2017,5,3.2,92,17.6
2017,5,2.1,94,18.1
2017,5,4.9,70,18
2017,5,7.9,74,17.2
2017,5,6.2,80,17
2017,5,5.6,86,16.5
2017,5,6.1,90,16.2
2017,5,6.5,92,16.9
2017,5,5.4,93,17.1
2017,5,4.5,90,17
2017,5,6.2,78,17.2
2017,5,5.8,68,16.9
2017,5,3.6,76,17.1
2017,5,2.1,88,17.3
2017,5,3.5,89,17.6
2017,5,4.5,83,18.7
2017,5,5.1,83,18.3
2017,5,4.4,87,18.7
2017,5,2.8,87,19
2017,5,2.7,90,18.7
2017,5,3.5,92,19.2
2017,5,4.4,86,19.6
2017,5,5.5,74,17.4
2017,5,3.7,81,17.9
2017,5,5,83,18
2017,5,6.2,83,18.6
2017,5,3.8,89,19.1
2017,5,4.6,96,18.2
2017,6,5,96,18.5
2017,6,4.7,80,18.5
2017,6,4.2,83,18.9
2017,6,2.9,78,19.6
2017,6,6.2,85,19.3
2017,6,6.5,84,19.3
2017,6,7.5,92,18.9
2017,6,5.2,82,19.2
2017,6,4.7,87,19.4
2017,6,6.9,91,18.4
2017,6,6.6,80,19
2017,6,8.4,79,18.8
2017,6,4.9,81,18.7
2017,6,4,85,19.1
2017,6,4.3,81,20.3
2017,6,8.7,84,19.9
2017,6,5.5,84,20.2
2017,6,2.6,89,20.6
2017,6,4.4,91,20.9
2017,6,3.8,93,20.6
2017,6,3.8,90,21.1
2017,6,3.4,95,20.5
2017,6,2,91,21.7
2017,6,2.7,93,21.9
2017,6,2.5,92,22.2
2017,6,3.4,90,22.4
2017,6,3.5,88,22.3
2017,6,2,90,22.9
2017,6,2.1,95,21.7
2017,6,2.6,96,22.2
2017,7,4.5,97,22.5
2017,7,4.9,97,23.2
2017,7,5,96,22.4
2017,7,4.9,95,22.8
2017,7,2.9,94,23.3
2017,7,2.4,95,23.2
2017,7,3.1,96,23.2
2017,7,4.1,96,24
2017,7,3.8,95,24
2017,7,7.5,94,24.5
2017,7,4.9,95,21.9
2017,7,4.6,94,22.2
2017,7,5.2,97,22.8
2017,7,3.8,96,23.7
2017,7,4.3,95,24.5
2017,7,5,96,24.2
2017,7,5,93,25
2017,7,4.4,92,24.6
2017,7,2.2,92,25.4
2017,7,3,96,25.6
2017,7,4.5,95,25.5
2017,7,4.1,95,24.5
2017,7,3.9,96,24
2017,7,3.6,94,23.1
2017,7,5.5,91,24.4
2017,7,9.2,82,25.3
2017,7,6.2,84,25.2
2017,7,2.8,87,25.7
2017,7,6.7,90,25.6
2017,7,4.4,87,26.6
2017,7,3.9,88,27.3
2017,8,4.9,87,27.6
2017,8,7.5,82,27.6
2017,8,8.7,83,28.1
2017,8,8,86,28.9
2017,8,8.3,87,29.5
2017,8,8,84,29.9
2017,8,5,80,30
2017,8,4.5,85,29.2
2017,8,2.9,87,28
2017,8,5.4,85,28.2
2017,8,5.7,79,27.9
2017,8,8.2,76,27.1
2017,8,9.1,78,26.9
2017,8,9.4,88,26.3
2017,8,5.4,86,26.9
2017,8,3.7,85,27.8
2017,8,4.5,84,27.3
2017,8,3.5,82,27.5
2017,8,4.8,82,27.6
2017,8,5.2,82,28.3
2017,8,6.8,84,28.6
2017,8,4,90,27.2
2017,8,5,93,28.4
2017,8,7.1,91,28
2017,8,3.6,87,27.2
2017,8,4.3,59,27.6
2017,8,4.9,68,26.8
2017,8,4.9,74,27
2017,8,6.1,83,26.9
2017,8,5.7,71,25.5
2017,8,9.1,64,24.8
2017,9,11.3,67,24.2
2017,9,9.5,67,24
2017,9,8.5,69,24.5
2017,9,8.2,71,25.6
2017,9,5.7,77,26
2017,9,2.3,92,24.3
2017,9,4,78,23.7
2017,9,3.6,74,25.4
2017,9,2.3,80,25.4
2017,9,4.4,80,25.7
2017,9,7.4,89,25.4
2017,9,3.9,78,24.8
2017,9,6,60,24.8
2017,9,8.9,69,24.7
2017,9,13,64,24.1
2017,9,10.7,83,
2017,9,3.3,76,
2017,9,6.4,80,
2017,9,6.3,73,
2017,9,5.1,69,
2017,9,4,76,23.2
2017,9,2.3,81,23
2017,9,2.8,78,23.5
2017,9,4.4,79,24.2
2017,9,6.5,77,24.4
2017,9,8.8,87,23
2017,9,6.7,69,22.9
2017,9,4.7,48,20.4
2017,9,3.1,59,22
2017,10,6,71,23.5
2017,10,7,87,23.6
2017,10,7.7,79,22.3
2017,10,8.9,70,21.2
2017,10,9.2,67,21.4
2017,10,6.8,87,20.8
2017,10,5.9,84,22.1
2017,10,4.6,81,23.2
2017,10,3.4,85,23
2017,10,2.1,86,23.3
2017,10,4.5,87,23.3
2017,10,7.7,85,19
2017,10,5.9,60,18.9
2017,10,9.3,64,19.4
2017,10,11.2,72,19.8
2017,10,10.3,66,21.1
2017,10,10.2,67,21.1
2017,10,11.7,68,20.4
2017,10,9,69,19.9
2017,10,9.3,71,20
2017,10,11.1,71,20.3
2017,10,14.6,69,20.4
2017,10,4.4,70,18.8
2017,10,6.5,74,19.9
2017,10,10.1,77,21.2
2017,10,9.6,62,19.5
2017,10,7,49,14.4
2017,10,5.3,44,16.1
2017,11,5,56,17.8
2017,11,3.6,67,18.2
2017,11,4.9,65,18.7
2017,11,6.4,56,13.6
2017,11,3.7,52,14.5
2017,11,6.4,68,17.1
2017,11,3.3,73,18.7
2017,11,4.2,73,19.7
2017,11,5.6,59,17.1
2017,11,6.5,69,19.2
2017,11,6,46,13
2017,11,3.6,56,14.4
2017,11,4.3,65,16.1
2017,11,5.9,48,16.3
2017,11,6.6,48,12.2
2017,11,4.4,51,10.5
2017,11,2.9,65,13
2017,11,9.9,45,9.8
2017,11,7.1,47,5.4
2017,11,5.3,48,8.6
2017,11,4,57,10.7
2017,11,4.7,55,12.4
2017,11,7.3,50,8
2017,11,8.8,48,9.1
2017,11,4.9,56,10.5
2017,11,6.8,62,15
2017,11,5.6,66,14.1
2017,11,3.9,74,15.2
2017,11,4.3,62,14.8
2017,11,9,40,9.9
2017,12,7.9,45,5.1
2017,12,3.5,49,7.1
2017,12,2,56,10.2
2017,12,6.7,56,9.7
2017,12,7,49,3.9
2017,12,3.3,47,7.4
2017,12,6.4,53,10
2017,12,9.1,50,4.5
2017,12,5.7,56,7
2017,12,5.5,61,10.4
2017,12,9.1,52,4.1
2017,12,7.2,46,0.6
2017,12,8.1,43,1.7
2017,12,5,41,5.5
2017,12,5,40,8.1
2017,12,7.3,52,5.5
2017,12,8.2,50,1.8
2017,12,5.2,53,5.7
2017,12,6.1,52,6.6
2017,12,6.2,49,4.4
2017,12,4.3,51,7.2
2017,12,5,50,7.6
2017,12,3,59,10.2
2017,12,7.6,70,11.5
2017,12,7.7,46,6.2
2017,12,7.4,49,5.7
2017,12,5.2,36,2.5
2017,12,6.7,50,5.4
2017,12,4.7,57,8.4
2017,12,4.5,64,9.3
2017,12,7.8,50,8
2018,1,8.1,45,5.4
2018,1,5.9,46,6.8
2018,1,7.5,41,5.4
2018,1,5.7,50,4.9
2018,1,5.2,55,6.5
2018,1,7,45,5.9
2018,1,4.8,59,8.4
2018,1,7.4,80,8.7
2018,1,10.1,57,4.4
2018,1,9.3,61,2.4
2018,1,7.6,53,-1.6
2018,1,7.3,51,-1.4
2018,1,5.6,51,3.8
2018,1,2.4,60,7
2018,1,7.7,65,11.7
2018,1,6.1,83,11.4
2018,1,6.4,83,9.3
2018,1,3,67,9.3
2018,1,5.4,51,8.2
2018,1,5.1,44,7.7
2018,1,5.8,49,8.5
2018,1,7,64,8.7
2018,1,7.8,51,1.6
2018,1,7.5,51,-3.2
2018,1,8.7,49,-2.1
2018,1,7.1,48,-2.1
2018,1,4.2,49,1
2018,1,5.8,44,4
2018,1,7.1,49,0.3
2018,1,7.3,48,1
2018,1,3.9,49,4.2
2018,2,5.2,44,5.2
2018,2,7,41,5.3
2018,2,7.8,44,2.8
2018,2,9.8,48,-1.6
2018,2,8.8,46,-1.5
2018,2,8.9,46,-2.2
2018,2,5.7,44,-0.5
2018,2,3.9,45,3.2
2018,2,5.1,63,9.1
2018,2,5.7,52,8.4
2018,2,7.9,50,1.2
2018,2,9,56,1.2
2018,2,6.8,51,3.5
2018,2,9.4,69,10.6
2018,2,4.8,57,9.7
2018,2,4.8,57,8.7
2018,2,4.1,38,6.3
2018,2,3.8,49,8.7
2018,2,4.1,47,9.3
2018,2,5.1,37,6.7
2018,2,5.7,39,5.7
2018,2,8,60,9.1
2018,2,5.9,52,10.6
2018,2,4,73,10.3
2018,2,5.1,57,9.4
2018,2,3.3,63,11.3
2018,2,7.9,74,12.1
2018,3,9.5,50,8.9
2018,3,5.5,53,5.7
2018,3,2.5,71,10.7
2018,3,2.5,87,13
2018,3,13,79,8.9
2018,3,11.1,66,7.7
2018,3,11.5,71,9.3
2018,3,10.2,80,7.6
2018,3,6.5,65,7.4
2018,3,4.6,63,9.3
2018,3,5.5,54,10.4
2018,3,4,72,11.6
2018,3,4.1,85,13
2018,3,3.1,90,13.5
2018,3,6.2,92,14.3
2018,3,14.7,71,7.5
2018,3,6.7,68,8
2018,3,3,80,11.1
2018,3,,88,11.7
2018,3,13,75,8.4
2018,3,11.3,84,
2018,3,3,64,
2018,3,3,66,
2018,3,5.2,62,12.5
2018,3,5.5,73,13.8
2018,3,4.9,76,13.8
2018,3,5.4,77,14.1
2018,3,6.9,83,14
2018,3,5.7,84,14.3
2018,3,9.8,64,13.7
2018,3,4.5,71,14.1
2018,4,5,89,15.3
2018,4,3.1,94,15.6
2018,4,3.7,97,16
2018,4,9.4,88,13.1
2018,4,8.2,83,12.8
2018,4,7.9,74,12
2018,4,8.7,48,8
2018,4,8.6,58,10.2
2018,4,7,76,13.3
2018,4,5.4,88,15.2
2018,4,7.9,82,15.6
2018,4,4.3,59,15.3
2018,4,9.5,62,14.6
2018,4,7.2,88,14.2
2018,4,6.2,67,13.5
2018,4,8,70,13.4
2018,4,4.5,81,14.3
2018,4,4.4,82,13.9
2018,4,7.2,83,14.2
2018,4,2.1,78,16.7
2018,4,4.3,93,15.6
2018,4,6,89,15.8
2018,4,12.6,92,13.3
2018,4,9.9,85,13.7
2018,4,5.8,52,14.3
2018,4,3.2,78,14.9
2018,4,5.4,73,16
2018,4,4.4,82,15.8
2018,4,5.7,94,15
2018,4,4.1,93,16.8
2018,5,2.7,93,17.3
2018,5,6,94,16.4
2018,5,9.1,58,15.1
2018,5,9.6,66,14.8
2018,5,6.9,84,15.9
2018,5,6.6,96,15.9
2018,5,7.5,93,15.2
2018,5,11.8,83,14.7
2018,5,10.4,74,13.9
2018,5,4.3,80,14.6
2018,5,3.7,90,15.9
2018,5,2.7,94,16.8
2018,5,5.7,95,16.8
2018,5,3.2,82,19.6
2018,5,2.6,89,19.6
2018,5,2.8,95,18.8
2018,5,2.1,95,19.8
2018,5,4.5,95,19.7
2018,5,2.4,81,19.7
2018,6,2.4,82,20
2018,6,3.7,87,20.3
2018,6,3.9,94,19.9
2018,6,3.8,91,20.4
2018,6,3.3,90,19.9
2018,6,3.1,92,20.4
2018,6,4.8,94,20.5
2018,6,3.3,93,21.1
2018,6,10.9,84,20.3
2018,6,11.7,85,19.4
2018,6,8.9,88,18.6
2018,6,4.1,75,19.1
2018,6,5.7,79,20
2018,6,9.7,80,20.3
2018,6,11.8,76,19.8
2018,6,10.5,78,18.9
2018,6,6.1,87,20
2018,6,3.3,91,21.5
2018,6,3,97,20.6
2018,6,2.3,89,21.5
2018,6,3.1,91,22
2018,6,1.4,82,22.9
2018,6,5.3,87,21.9
2018,6,5.3,88,22.5
2018,6,4.9,94,22.3
2018,6,6.6,97,22.9
2018,6,8.9,97,22.5
2018,6,5.4,98,21.8
2018,6,3.7,97,22.6
2018,6,4.2,96,22
2018,7,3.9,93,24.3
2018,7,3.1,94,24.3
2018,7,12.1,95,22.8
2018,7,5.8,94,23.3
2018,7,6,96,23.1
2018,7,12,92,22
2018,7,12.8,82,20.8
2018,7,11.1,87,20.4
2018,7,9.6,94,20.7
2018,7,4.8,96,21.8
2018,7,2.2,91,24.8
2018,7,3.8,94,24.2
2018,7,5.3,97,23.9
2018,7,4.2,97,23.7
2018,7,3.8,95,24.4
2018,7,4.1,95,24.7
2018,7,4.3,95,24.8
2018,7,2.9,91,25.5
2018,7,1.9,90,26.6
2018,7,2,92,27.3
2018,7,2,88,28.9
2018,7,1.6,88,28.7
2018,7,3.5,86,28.5
2018,7,5.6,90,28.1
2018,7,6.1,,
2018,7,3.2,89,27.9
2018,7,2.2,87,29.2
2018,7,6.9,84,28.2
2018,7,6,81,28.1
2018,7,10.3,86,27.9
2018,7,9.3,86,28
2018,8,6.9,,
2018,8,6.5,90,28.6
2018,8,3,86,29.1
2018,8,6,91,28.5
2018,8,5.2,91,28.7
2018,8,4.5,90,29.2
2018,8,7.9,81,28.5
2018,8,5.4,80,28.1
2018,8,4.5,80,28.1
2018,8,4.4,85,27.7
2018,8,9,85,28.2
2018,8,6.5,90,28.6
2018,8,2.4,86,29.4
2018,8,4.5,87,29.3
2018,8,6.5,90,28.5
2018,8,7.1,87,27.5
2018,8,11.6,69,26.3
2018,8,8,69,25.7
2018,8,3,71,25.9
2018,8,1.9,76,26.5
2018,8,3.2,84,28.2
2018,8,10,82,28.8
2018,8,9.2,86,28
2018,8,13.2,90,26.4
2018,8,3.4,90,26.2
2018,8,5.4,92,27.8
2018,8,6.9,93,27.7
2018,8,6.2,94,27.1
2018,8,4.6,92,27.3
2018,8,8.3,94,27.2
2018,8,6.2,93,26.3
2018,9,9.4,86,24
2018,9,9.3,85,24
2018,9,5.4,93,26
2018,9,5.1,83,25.8
2018,9,6.8,79,24.9
2018,9,3.6,84,24.6
2018,9,5.7,86,23.1
2018,9,5.9,70,23.4
2018,9,8.5,78,23.3
2018,9,10.4,72,22.8
2018,9,11.4,72,22.7
2018,9,8.7,83,23
2018,9,8.3,91,23.2
2018,9,8.7,94,23.8
2018,9,4.8,92,23.6
2018,9,4,93,24.2
2018,9,2.9,86,24
2018,9,2.4,89,24
2018,9,4,91,23
2018,9,7.6,90,22.9
2018,9,6.7,88,23.6
2018,9,4.1,81,23.7
2018,9,3.9,80,23.6
2018,9,5.4,54,22.3
2018,9,8.9,70,21.7
2018,9,11.6,71,22.8
2018,9,10.3,70,21.5
2018,9,8.9,72,22.3
2018,9,8.1,86,21.3
2018,9,9,73,22.4
2018,10,8.2,56,20.7
2018,10,3.9,63,19.7
2018,10,4.9,68,20.5
2018,10,10.1,78,22.2
2018,10,12.3,92,21.7
2018,10,7.2,59,20.4
2018,10,6.2,71,20.4
2018,10,5.6,66,19.2
2018,10,8,52,16.4
2018,10,5.3,55,15.8
2018,10,7.8,68,18.3
2018,10,3.6,65,19.2
2018,10,3.3,59,19.4
2018,10,4.3,69,18.7
2018,10,3.7,66,18.5
2018,10,5.6,61,17.6
2018,10,7.5,63,17.4
2018,10,5,62,17.9
2018,10,4.9,63,18.4
2018,10,3.5,71,18.8
2018,10,3.8,73,19.7
2018,10,3.8,57,17.9
2018,10,4.8,64,18.4
2018,10,4.9,73,18.9
2018,10,8.3,56,15.6
2018,10,8.4,61,16.4
2018,10,8,60,17.2
2018,10,5,55,13.6
2018,10,5,,
2018,11,4.3,53,14.2
2018,11,3.7,60,15.5
2018,11,3.5,57,16.4
2018,11,3.8,61,17.1
2018,11,4.7,71,17.5
2018,11,6.1,73,18.5
2018,11,6.9,70,19.5
2018,11,8.2,86,19.2
2018,11,7.2,64,16.8
2018,11,4.2,61,16.1
2018,11,2.8,68,16.6
2018,11,7,77,15.4
2018,11,8.9,74,15.5
2018,11,7,72,15.3
2018,11,4.9,68,15.7
2018,11,3.3,71,15.8
2018,11,4.7,61,14.8
2018,11,5.7,46,13.7
2018,11,5.8,47,13.7
2018,11,4.3,45,13.1
2018,11,3.5,49,14.3
2018,11,9.2,47,11
2018,11,5.6,40,10.1
2018,11,4.1,67,12.7
2018,11,3.1,67,13.1
2018,11,3.7,68,13.8
2018,11,2.9,69,15.9
2018,11,7.2,61,14.7
2018,11,3.5,48,13.5
2018,11,4.2,55,14.1
2018,12,6.5,56,14
2018,12,6.1,78,16.4
2018,12,3.6,93,18.2
2018,12,5.3,80,16.7
2018,12,7.1,58,12.1
2018,12,7.7,72,10.6
2018,12,8.1,56,4.4
2018,12,5.7,57,1.8
2018,12,6.7,47,3.2
2018,12,7.1,58,7.5
2018,12,9.2,83,9.7
2018,12,9.8,56,6.6
2018,12,7,55,6.6
2018,12,,52,5.3
2018,12,,55,7.6
2018,12,,71,9.3
2018,12,,55,9.3
2018,12,,50,8.7
2018,12,,60,13
2018,12,,68,14.1
2018,12,6.4,76,13.8
2018,12,5.9,67,13.7
2018,12,7.8,59,11.4
2018,12,7.6,43,6.6
2018,12,4.8,47,7.1
2018,12,6.6,50,9.1
2018,12,9.7,39,3.3
2018,12,9.8,47,0.3
2018,12,9.5,49,1.2
2018,12,7.8,55,2
2018,12,6.6,56,6.3
2019,1,7.4,55,4
2019,1,7,52,4.1
2019,1,6.6,41,5.6
2019,1,4.9,46,7.8
2019,1,7.8,49,7.9
2019,1,6.4,47,7.1
2019,1,6.3,41,7.1
2019,1,6.8,49,6.2
2019,1,6.4,57,4.5
2019,1,5.4,48,7.3
2019,1,6.4,65,8.2
2019,1,7.3,78,8.7
2019,1,6,61,9.2
2019,1,4.4,55,9
2019,1,6.3,53,7.8
2019,1,8.1,49,2.8
2019,1,7.9,55,4.8
2019,1,5.4,49,6.8
2019,1,3,61,9.6
2019,1,7.2,54,7.8
2019,1,6.2,49,4.9
2019,1,6,52,7.2
2019,1,5.8,53,8.8
2019,1,4.8,44,7.8
2019,1,6.9,43,7.1
2019,1,10.7,44,3.4
2019,1,6.5,50,5.6
2019,1,8.6,51,8
2019,1,4.7,60,7.1
2019,1,4.9,53,10
2019,1,9,72,5.8
2019,2,8.3,57,3.2
2019,2,4.8,64,6.3
2019,2,10.8,84,13.6
2019,2,6.8,39,8.4
2019,2,4.4,53,9.4
2019,2,5.4,61,11.1
2019,2,6.9,56,10.8
2019,2,6.7,52,5.1
2019,2,7.7,45,5.1
2019,2,6.4,60,5.7
2019,2,7.6,46,5
2019,2,6.4,48,5.9
2019,2,6.3,44,6.8
2019,2,6.9,64,7.4
2019,2,5.7,63,9.1
2019,2,6.8,54,5.4
2019,2,6.5,45,5.2
2019,2,3.7,45,8.2
2019,2,6.4,84,10
2019,2,6.5,61,7.8
2019,2,4.7,61,8.2
2019,2,5.4,64,10.6
2019,2,9,62,10.8
2019,2,4.8,56,10.6
2019,2,5.1,57,11.8
2019,2,4.9,60,11.6
2019,2,6.6,63,12.2
2019,2,5.1,69,11.6
2019,3,3.8,58,11.9
2019,3,6.1,59,12.5
2019,3,7.9,65,12.7
2019,3,5.3,59,12.5
2019,3,2.8,67,13
2019,3,4.5,70,12.2
2019,3,6.2,60,11
2019,3,4.3,66,11.7
2019,3,3.9,63,13.2
2019,3,10.2,82,11.3
2019,3,6.5,65,11.1
2019,3,9,67,10.3
2019,3,7.8,39,7.5
2019,3,6.7,41,9
2019,3,8.1,61,9.9
2019,3,7.9,63,8.6
2019,3,5.6,54,10.6
2019,3,5.7,61,12.7
2019,3,4.5,68,13.1
2019,3,3.8,89,14.1
2019,3,9,78,13.8
2019,3,6,52,10.4
2019,3,9.1,49,8.5
2019,3,7.7,55,7.6
2019,3,6.1,52,10.1
2019,3,6.2,68,12.9
2019,3,9.3,77,14.1
2019,3,6,77,13.3
2019,3,3.5,77,14.3
2019,3,7.8,64,12.4
2019,3,7.7,47,8.5
2019,4,8,44,8.8
2019,4,6,48,10.1
2019,4,6.9,41,10.7
2019,4,7.1,45,11.7
2019,4,10.3,74,12.6
2019,4,4.7,76,14
2019,4,5.4,88,13.2
2019,4,5.3,80,13.1
2019,4,11.4,65,12.4
2019,4,10.3,77,11.1
2019,4,4.8,64,11
2019,4,2.9,66,12.4
2019,4,3,62,14
2019,4,5.6,67,13.7
2019,4,5.6,53,12.6
2019,4,2.8,74,14.6
2019,4,4,73,15.9
2019,4,6.8,82,15.1
2019,4,9.3,75,13.7
2019,4,4.6,73,13.9
2019,4,3.2,84,15.1
2019,4,6.6,89,15.4
2019,4,5.2,90,14.8
2019,4,4.8,96,15.4
2019,4,9.2,81,14.5
2019,4,6,84,12.6
2019,4,6,63,12.5
2019,4,4,58,14.3
2019,4,7.5,88,14.6
2019,4,7,85,15.5
2019,5,2.4,72,17
2019,5,2,79,16.9
2019,5,4.5,89,16.4
2019,5,8.1,74,15.5
2019,5,4.9,66,14.4
2019,5,4,,
2019,5,4.5,72,15.7
2019,5,2.5,77,16.4
2019,5,1.6,71,17
2019,5,7.5,81,16.9
2019,5,5.3,87,16.2
2019,5,1.8,91,17.9
2019,5,2.1,89,18.6
2019,5,1.9,,
2019,5,3.4,,
2019,5,8.6,86,18.7
2019,5,5.8,87,19.5
2019,5,6,76,17.8
2019,5,5.6,62,16.6
2019,5,6,80,17
2019,5,6.4,87,17.3
2019,5,6.2,87,17.6
2019,5,5.1,83,18.1
2019,5,3,94,18.5
2019,5,8.7,92,19.2
2019,5,4.1,76,17.4
2019,5,5.5,77,18.1
2019,5,3.9,79,18.7
2019,5,4.2,74,17
2019,6,3.1,83,17.8
2019,6,2.6,90,20.3
2019,6,2.8,89,20.5
2019,6,5.5,92,18.7
2019,6,4.8,83,18.8
2019,6,8.2,76,18.4
2019,6,8.5,76,18.7
2019,6,7,76,18.5
2019,6,4.8,77,19
2019,6,4.1,82,19.2
2019,6,5.2,88,19.9
2019,6,6,81,20.4
2019,6,3.9,80,20
2019,6,4.2,83,20.3
2019,6,5.9,90,19.9
2019,6,2.1,84,21.4
2019,6,3.3,87,21.4
2019,6,4.5,89,21
2019,6,9.5,80,20.1
2019,6,8,78,20.1
2019,6,3.9,76,20.7
2019,6,4.4,84,21.1
2019,6,6,94,21.5
2019,6,5.2,96,21.5
2019,6,3,93,21.4
2019,6,4.8,95,21.6
2019,6,4.9,93,21.5
2019,7,4.7,94,21.1
2019,7,4.4,93,21.1
2019,7,2.5,95,20.7
2019,7,2,95,20.8
2019,7,3.9,93,21.4
2019,7,9.7,86,21.9
2019,7,9.1,83,21.7
2019,7,9.2,84,21.5
2019,7,10.2,83,21.7
2019,7,10.8,91,22.1
2019,7,6.6,91,22.5
2019,7,5,87,22.4
2019,7,3.4,87,21.8
2019,7,3.4,86,22.6
2019,7,3.8,87,22.8
2019,7,5.2,87,22.8
2019,7,6,87,23.1
2019,7,4.3,93,22.8
2019,7,5.1,94,23.6
2019,7,10.5,94,23.8
2019,7,8.4,94,22.9
2019,7,5.8,96,22.9
2019,7,6.1,97,23.2
2019,7,4.2,97,23.7
2019,7,5.4,96,24.3
2019,7,5,96,24.6
2019,7,4.8,96,25.2
2019,7,4.7,96,25.3
2019,7,4.1,96,25.4
2019,7,4.6,96,25.7
2019,7,4.1,95,26
2019,8,4.1,95,25.8
2019,8,1.3,88,27.1
2019,8,4.8,93,26.4
2019,8,3.3,90,26.5
2019,8,5.5,89,26.4
2019,8,9,87,25.9
2019,8,4.5,91,26.3
2019,8,1.5,86,27.7
2019,8,2.5,87,27.5
2019,8,7.1,86,27.2
2019,8,6.8,85,27.4
2019,8,2.8,86,28
2019,8,6.5,82,28
2019,8,9.4,83,28
2019,8,7.9,86,27.5
2019,8,8.8,84,26.6
2019,8,6.9,83,26
2019,8,4.8,89,26.3
2019,8,3.5,83,26.7
2019,8,9,,
2019,8,3.8,,
2019,8,8.1,90,26.4
2019,8,4.6,84,25.5
2019,8,3.3,72,24.9
2019,8,3.4,74,24.8
2019,8,2.3,79,24.2
2019,8,3.9,91,24
2019,8,2.9,89,24.7
2019,8,5.1,83,24
2019,8,6,81,23.9
2019,8,4.4,72,24.1
2019,9,2.7,82,24.2
2019,9,5.6,89,23
2019,9,5.9,90,23.6
2019,9,3.9,92,24.8
2019,9,2.6,94,25.3
2019,9,6,88,26.4
2019,9,9.2,88,25.9
2019,9,2.2,93,24.2
2019,9,2.4,93,25
2019,9,2.5,93,25.1
2019,9,5.7,92,24.4
2019,9,11.1,81,22.6
2019,9,9.7,75,23
2019,9,3.8,78,23.4
2019,9,7.5,82,24.2
2019,9,9.5,75,23
2019,9,10.6,72,22.9
2019,9,6.3,70,23.1
2019,9,10.1,63,22.2
2019,9,9.6,71,22.1
2019,9,12.9,84,20.5
2019,9,19.6,93,19.7
2019,9,5.3,78,19.5
2019,9,4.2,71,20.3
2019,9,7.4,75,21
2019,9,8.7,84,22.4
2019,9,7.6,88,22.2
2019,9,2.5,94,22.8
2019,9,2.7,94,23.2
2019,9,2.1,92,23.3
2019,10,3.1,90,23.1
2019,10,9,92,23.6
2019,10,8.7,86,23.4
2019,10,4.1,82,22.7
2019,10,6.3,79,22.6
2019,10,11.8,71,19.9
2019,10,6,77,20.2
2019,10,5.8,66,19.9
2019,10,4.9,56,18.8
2019,10,3.5,71,19.8
2019,10,8.3,70,20.9
2019,10,12.7,66,20.8
2019,10,11.3,64,19.1
2019,10,4.8,66,19
2019,10,10.7,68,18.1
2019,10,5.9,66,17.9
2019,10,9,71,19.2
2019,10,11.3,85,19.6
2019,10,6.5,77,19.7
2019,10,6,75,19.9
2019,10,9.7,71,19.7
2019,10,9.4,72,20
2019,10,9.8,71,20.2
2019,10,9.6,78,20
2019,10,5.3,74,20.2
2019,10,5.1,60,18.5
2019,10,7.3,50,15.8
2019,10,4.9,61,16.5
2019,10,6.6,61,18.2
2019,10,4.7,58,16
2019,10,5,58,17.3
2019,11,4.8,59,18.9
2019,11,4.4,66,18.9
2019,11,4.4,71,18
2019,11,8.6,66,16.6
2019,11,3.7,65,16.7
2019,11,4.6,58,16.9
2019,11,4.5,58,16.4
2019,11,5.9,57,15.7
2019,11,5.5,48,15.6
2019,11,5.7,60,16.6
2019,11,7.7,60,16.6
2019,11,3.7,61,15.1
2019,11,6.4,67,15.9
2019,11,6.8,49,10.2
2019,11,6.2,57,13.4
2019,11,5.8,69,16.8
2019,11,5,80,17.7
2019,11,8.3,67,15.1
2019,11,7.2,53,9
2019,11,6.4,45,8.7
2019,11,7.1,59,12.8
2019,11,8,70,16.1
2019,11,7.4,76,16.3
2019,11,4.7,85,17
2019,11,10.5,72,13.5
2019,11,9.2,63,13.9
2019,11,6.1,67,12.9
2019,11,9.8,73,11.6
2019,11,6.6,52,10.9
2019,11,4.7,61,12.4
2019,12,6.5,84,12.1
2019,12,8.4,59,9.2
2019,12,5,56,7.3
2019,12,4.1,50,9.8
2019,12,6.6,48,7.6
2019,12,8.7,45,4.1
2019,12,6.7,52,6.2
2019,12,4,55,8.1
2019,12,3.4,58,10.1
2019,12,3.5,70,13.7
2019,12,7,66,14
2019,12,5.4,41,7.3
2019,12,5.5,57,9.2
2019,12,7.3,58,11.5
2019,12,7.1,62,11.7
2019,12,5,73,12.6
2019,12,4.8,84,13.6
2019,12,7.2,53,11.7
2019,12,9.4,44,9
2019,12,3.8,52,7.3
2019,12,6.2,55,7.8
2019,12,7.7,59,9.6
2019,12,4.6,55,10.5
2019,12,5.7,66,9.3
2019,12,4.8,67,12
2019,12,8.6,66,10.5
2019,12,8.2,46,6.1
2019,12,4.8,48,6.3
2019,12,5.5,67,9.8
2019,12,5.4,80,10.9
2019,12,9.2,48,2.6
2020,1,7,56,3.9
2020,1,5.6,58,6.4
2020,1,5.9,54,8
2020,1,7.9,47,8.2
2020,1,4.1,54,9.2
2020,1,4.1,68,11.8
2020,1,9.1,89,16.4
2020,1,11.1,67,10.1
2020,1,5.2,56,7.5
2020,1,4.1,51,7.9
2020,1,5.8,51,8.4
2020,1,7.8,55,6.7
2020,1,5.4,54,5.5
2020,1,6.2,53,4.8
2020,1,5.8,52,4.8
2020,1,5.5,46,5.7
2020,1,6,52,8.2
2020,1,7.7,61,8.1
2020,1,6.2,53,7.4
2020,1,5.5,51,7.1
2020,1,5.4,55,7.2
2020,1,4.2,76,11.5
2020,1,7.6,86,11
2020,1,8,68,11.4
2020,1,9,67,11.5
2020,1,10.8,70,11.7
2020,1,16.3,85,9.6
2020,1,8.4,71,10.3
2020,1,5.9,65,9.6
2020,1,6.3,62,8.6
2020,1,4.2,58,8
2020,2,5.7,55,8.1
2020,2,3.7,62,8.4
2020,2,4,53,7.6
2020,2,7,53,6.7
2020,2,7.5,44,4
2020,2,7.2,54,3.1
2020,2,4.3,54,7.2
2020,2,8.1,51,6
2020,2,6,51,5.5
2020,2,4.5,59,8.4
2020,2,4.3,60,11.4
2020,2,8.2,83,12.7
2020,2,6.6,80,11.5
2020,2,3.4,78,12.2
2020,2,7.1,77,13.6
2020,2,8.2,73,8.2
2020,2,11.1,59,2.4
2020,2,5.9,51,3.1
2020,2,4.1,48,7.4
2020,2,3.9,54,10.2
2020,2,3.2,66,12
2020,2,8.2,53,10.9
2020,2,5.6,56,7.3
2020,2,4.8,64,11.5
2020,3,5.4,71,11.9
2020,3,5.7,55,9.5
2020,3,7.2,66,10.7
2020,3,6.6,55,9
2020,3,6.8,50,6
2020,3,4.5,56,9.1
2020,3,4.3,69,10.6
2020,3,7.6,70,11.1
2020,3,6.6,79,12.8
2020,3,8.7,79,11.3
2020,3,7.1,45,8.7
2020,3,5.8,55,9.7
2020,3,4.7,58,11.9
2020,3,7.7,36,8.9
2020,3,9.4,49,9.3
2020,3,7.4,51,6.9
2020,3,11,68,11.4
2020,3,5.1,62,12.5
2020,3,9.5,70,13.2
2020,3,8.3,50,10.9
2020,3,7.7,79,14
2020,3,7.7,81,13.5
2020,3,6,59,13.1
2020,3,6.5,60,12.7
2020,3,2.5,61,13.7
2020,3,4.9,89,15
2020,3,7,94,14.1
2020,3,9.9,73,11.2
2020,3,8.3,64,11.2
2020,3,6.1,65,12.4
2020,3,6.4,74,13.4
2020,4,5.8,61,13.5
2020,4,5.2,51,12.1
2020,4,5.4,56,13.4
2020,4,7.8,57,13
2020,4,4.9,45,10.3
2020,4,4.4,58,12.1
2020,4,5.9,60,13.9
2020,4,6.4,55,13.6
2020,4,5.5,55,12.3
2020,4,6.5,59,11.8
2020,4,2.2,70,11.3
2020,4,11.6,75,11.3
2020,4,8.8,53,11.3
2020,4,5.1,64,13.7
2020,4,6,69,14
2020,4,9.4,72,13.3
2020,4,5.2,86,13.7
2020,4,5.1,76,13.7
2020,4,8.9,82,13.5
2020,4,7.8,78,13.7
2020,4,8.2,46,12.9
2020,4,8.7,44,10.1
2020,4,7,50,10.5
2020,4,8.9,52,11.5
2020,4,9.4,77,14.8
2020,4,5.9,66,13.9
2020,4,5,68,13.6
2020,4,6.3,63,13.9
2020,4,4.8,74,14.3
2020,4,5.1,85,15.3
2020,5,5.9,93,15.9
2020,5,3.9,96,15.4
2020,5,3.3,94,15.8
2020,5,5.2,94,16.4
2020,5,6.4,88,15.1
2020,5,9,86,15.5
2020,5,10.5,79,14.8
2020,5,4.9,85,15.8
2020,5,7.7,91,16.5
2020,5,7.9,88,15.4
2020,5,5.7,83,16
2020,5,9.2,80,15.5
2020,5,5.4,69,15.6
2020,5,1.8,83,16.6
2020,5,4.4,91,16.3
2020,5,3,96,16
2020,5,2.2,94,16.8
2020,5,4.4,95,16.5
2020,5,8.5,75,16.1
2020,5,4.3,92,16.6
2020,5,2.9,79,18
2020,5,3.7,88,16.9
2020,5,3.2,88,17.5
2020,5,4.7,90,17.8
2020,5,1.8,90,17.7
2020,6,4.9,88,18.7
2020,6,3.7,81,18.7
2020,6,3.8,94,18.7
2020,6,6.1,93,18.8
2020,6,4.5,,
2020,6,4.8,,
2020,6,6.6,,
2020,6,1.6,,
2020,6,2.4,,
2020,6,5.2,,
2020,6,11.4,,
2020,7,4.4,,
2020,7,2.7,,
2020,7,8,,
2020,7,4.7,,
2020,7,1.3,,
2020,7,2.4,,
2020,7,4.1,,
2020,7,2.9,,
2020,7,6.5,,
2020,7,6.2,,
2020,7,5.1,,
2020,7,7.7,,
2020,7,7.2,,
2020,7,5.5,,
2020,7,6.5,,
2020,7,5.3,,
2020,7,6,,
2020,7,4.8,,
2020,7,4.2,,
2020,7,6.7,,
2020,7,3.6,,
2020,7,2.1,,
2020,7,6.2,95,21.2
2020,7,6.9,88,21.5
2020,7,6,91,20.2
2020,7,1.9,89,21.9
2020,7,4.9,95,21.8
2020,7,4.9,95,21.9
2020,7,1.9,95,22
2020,7,3.3,91,22.6
2020,7,4.3,94,23.6
2020,8,4.1,94,23.7
2020,8,4,95,24.3
2020,8,3.6,94,24.2
2020,8,2.6,93,25.1
2020,8,4.9,93,25.6
2020,8,6.6,93,23.6
2020,8,5.1,94,23.5
2020,8,6.1,93,24.3
2020,8,5.6,92,24.1
2020,8,6.4,92,23.2
2020,8,5,94,23.4
2020,8,5.3,95,24.3
2020,8,4.4,95,24.9
2020,8,5.6,93,25.1
2020,8,6.4,93,25.3
2020,8,5.2,93,25.3
2020,8,3.7,91,25
2020,8,3,89,26.1
2020,8,3,86,26.3
2020,8,2.6,85,26.2
2020,8,6.5,85,25.5
2020,8,7.4,83,26.3
2020,8,2.5,82,26.3
2020,8,1.6,86,25.8
2020,8,3.6,90,27.2
2020,8,6.2,80,28.6
2020,8,7.3,88,26.3
2020,8,3.2,89,25
2020,8,1.7,89,26
2020,8,4.1,86,27.1
2020,8,10.6,79,26.1
2020,9,9.8,84,25.9
2020,9,13.3,82,27.8
2020,9,14.2,80,25.5
2020,9,4.1,67,24.7
2020,9,6.9,79,20.6
2020,9,12.7,85,22
2020,9,16.3,84,23.3
2020,9,6.6,89,23.3
2020,9,4.2,88,23.3
2020,9,2.7,84,23.1
2020,9,7.9,89,23.3
2020,9,9.1,78,21.8
2020,9,6.4,75,20.9
2020,9,2.5,75,22.4
2020,9,4.2,79,22.9
2020,9,3.1,87,22.4
2020,9,3,81,21.6
2020,9,4.2,69,21.2
2020,9,4.5,61,22.6
2020,9,4.7,49,22.7
2020,9,6.8,62,20.6
2020,9,11.8,66,21.4
2020,9,12.6,75,21.4
2020,9,11.6,73,21.1
2020,9,8.5,70,21
2020,9,8.8,67,20.9
2020,9,10.1,72,20.4
2020,9,8.9,69,19.5
2020,9,5.4,72,20
2020,9,7.3,71,20.8
2020,10,5.9,73,20.2
2020,10,4,76,20.4
2020,10,2.8,78,21.5
2020,10,4.4,72,21.9
2020,10,8.9,46,18.5
2020,10,6.6,57,17.7
2020,10,11.3,68,19.5
2020,10,15.3,65,19.7
2020,10,15.1,65,19.3
2020,10,9.8,68,18.6
2020,10,7.2,68,18.4
2020,10,2.8,67,19.9
2020,10,6.2,58,18.4
2020,10,5.9,45,17.7
2020,10,6.9,56,17.6
2020,10,5.8,68,17.2
2020,10,4.2,56,17.3
2020,10,6.2,56,18.3
2020,10,7.1,66,18.2
2020,10,4.6,70,17.9
2020,10,6.1,73,16.7
2020,10,8,49,14.4
2020,10,7.4,46,13.8
2020,10,4.9,53,14.7
2020,10,3.7,52,16.9
2020,10,3.2,62,17.3
2020,10,3.9,59,18.1
2020,10,5.9,52,16
2020,10,9.4,63,15.4
2020,10,5.8,57,16
2020,11,2.6,68,16.7
2020,11,4.5,59,15.4
2020,11,7.5,43,11.9
2020,11,6.7,47,10.9
2020,11,3.8,48,13.4
2020,11,1.7,64,16.3
2020,11,4.2,69,17.8
2020,11,6.7,41,15.8
2020,11,8.7,41,11.1
2020,11,5.1,46,12.8
2020,11,5.8,49,13.2
2020,11,5.1,66,15.1
2020,11,5.1,60,15.4
2020,11,7.9,66,15.7
2020,11,5.2,67,15.6
2020,11,5.8,71,16.3
2020,11,4.9,81,17.5
2020,11,2.5,88,17.8
2020,11,10,85,19
2020,11,6.5,61,13.5
2020,11,8.4,68,12.4
2020,11,5.9,71,12.6
2020,11,7.8,53,10
2020,11,4.6,50,10
2020,11,6.9,48,11.8
2020,11,5,53,12.1
2020,11,6.5,55,11
2020,11,8.7,49,6.4
2020,11,6.8,54,7.4
2020,11,8.1,51,7.5
2020,12,6.8,55,8.7
2020,12,7.5,50,9.7
2020,12,8.3,48,8.8
2020,12,7.1,41,6.9
2020,12,5.9,51,7.7
2020,12,4.6,52,8.3
2020,12,5.3,54,10
2020,12,5.8,53,6.9
2020,12,4.3,41,7.7
2020,12,3.8,46,9.4
2020,12,3.7,55,11.3
2020,12,5.9,44,9.9
2020,12,6.9,48,9.1
2020,12,8.1,42,0.8
2020,12,7.6,50,0
2020,12,7.5,51,1
2020,12,6.6,48,1.7
2020,12,5.9,50,5.1
2020,12,11,46,3.2
2020,12,8.8,50,4.2
2020,12,4.9,51,4.9
2020,12,4.7,49,6.3
2020,12,3.8,56,8.7
2020,12,5.8,52,10.3
2020,12,6.2,46,5.3
2020,12,3.5,47,6.4
2020,12,4,62,9.2
2020,12,4.9,66,10.7
2020,12,6.1,73,10.2
2020,12,11.8,60,-0.9
2020,12,7.9,53,0.1
2021,1,6.3,56,2.9
2021,1,5.1,51,3.2
2021,1,5.4,43,2.1
2021,1,4,46,4.7
2021,1,6.7,50,5.9
2021,1,8.2,55,0.3
2021,1,11.4,55,-3.9
2021,1,7.4,58,-4.8
2021,1,7.9,53,-2.3
2021,1,6.3,55,-0.1
2021,1,5.2,60,2.7
2021,1,5,53,2.6
2021,1,8.9,58,9.6
2021,1,4.1,55,10.9
2021,1,5.9,80,13.2
2021,1,6.7,49,7.4
2021,1,8.1,45,1.9
2021,1,9.3,57,4.8
2021,1,5.5,52,2.3
2021,1,4.4,68,7.3
2021,1,2.1,74,10.6
2021,1,5.6,92,11.3
2021,1,12.8,80,12.3
2021,1,11.8,66,10.9
2021,1,10.1,72,10.9
2021,1,7.8,86,9.5
2021,1,8.3,56,8.3
2021,1,8.6,59,6.5
2021,1,7.3,44,0.3
2021,1,7.7,58,6.5
2021,1,4.4,50,9.5
2021,2,9.7,84,11.8
2021,2,7.6,39,4.6
2021,2,5.4,48,2.7
2021,2,6.2,50,6.7
2021,2,5.2,51,6.7
2021,2,6.3,69,10.7
2021,2,5.6,63,10.9
2021,2,7.9,36,4.6
2021,2,7.2,46,4.2
2021,2,4.7,45,8.1
2021,2,5.5,61,9.9
2021,2,4,72,10.6
2021,2,3,74,11.9
2021,2,3.5,91,12.1
2021,2,7.7,65,8.8
2021,2,8.9,53,3.5
2021,2,10.4,53,-0.7
2021,2,7.7,52,0.3
2021,2,7.6,58,6
2021,2,11,79,12.2
2021,2,8.8,82,13.4
2021,2,7,86,13.6
2021,2,6,38,9.5
2021,2,6.5,55,8.8
2021,2,7.2,67,10
2021,2,13.3,71,10.6
2021,2,14,68,9.6
2021,2,7.4,78,11.3
2021,3,6.9,88,13
2021,3,8.7,72,6.3
2021,3,5.3,59,7.6
2021,3,4.4,75,10.8
2021,3,5.8,83,11.9
2021,3,11,77,10.4
2021,3,9.1,70,8.1
2021,3,6.9,68,9
2021,3,4.8,65,9.8
2021,3,9.6,59,11.3
2021,3,4.4,71,12.1
2021,3,10,86,11
2021,3,5.1,66,11.2
2021,3,3.7,71,12
2021,3,3.7,78,13
2021,3,6.2,89,13.6
2021,3,8.5,69,11.7
2021,3,9.8,73,12.1
2021,3,11,71,12.3
2021,3,8.1,89,11.9
2021,3,7.8,60,10.5
2021,3,8.7,45,8.8
2021,3,7.6,56,11.3
2021,3,4.1,64,12.5
2021,3,3.9,63,13.9
2021,3,2.9,68,15.1
2021,3,7.8,80,15.8
2021,3,9.2,87,13.4
2021,3,8,79,12.9
2021,3,4.1,53,14
2021,3,6,71,13.7
2021,4,12.9,73,14
2021,4,12.3,81,13.3
2021,4,5.8,,
2021,4,11.1,,
2021,4,7.9,,
2021,4,5.1,,
2021,4,4.2,,
2021,4,3.2,,
2021,4,7.5,,
2021,4,6.3,,
2021,4,5.1,,
2021,4,3.4,,
2021,4,5.5,,
2021,4,6.4,,
2021,4,12,,
2021,4,8.9,,
2021,4,9.4,,
2021,4,8.1,,
2021,4,2.8,,
2021,4,4.7,,
2021,4,4,,
2021,4,9.7,,
2021,5,5.8,,
2021,5,7,,
2021,5,5.2,,
2021,5,6.9,,
2021,5,7.2,,
2021,5,3.1,,
2021,5,6.5,,
2021,5,5.6,,
2021,5,5.2,,
2021,5,4.9,,
2021,5,9.6,80,15.6
2021,5,11.7,77,15.9
2021,5,4.7,81,16.3
2021,5,4.2,90,16.2
2021,5,4.7,94,17.5
2021,5,5.9,96,17.9
2021,5,5.9,93,15.1
2021,5,3.1,92,15.8
2021,5,2.8,89,16.7
2021,5,5.7,92,16.9
2021,5,7.2,75,16.8
2021,5,4.8,77,16.7
2021,5,3.7,87,18
2021,5,4.2,86,17.5
2021,5,5.5,72,18.2
2021,5,3.6,71,17
2021,5,5.3,86,16.5
2021,5,6.6,87,17.4
2021,5,5.2,77,16.7
2021,5,2.8,85,17.3
2021,5,3.9,87,18.7
2021,6,4.1,88,18.4
2021,6,2.1,88,18.8
2021,6,2.8,93,18.6
2021,6,4.2,82,19.3
2021,6,7.2,86,18.8
2021,6,5.5,89,18.6
2021,6,5.2,92,19.2
2021,6,4,89,20.5
2021,6,5.5,85,20.1
2021,6,3.6,89,20.1
2021,6,4.5,93,20.4
2021,6,4.7,95,20.6
2021,6,1.6,94,20.8
2021,6,3.5,92,20.1
2021,6,6.5,92,20.8
2021,6,11.9,90,19.8
2021,6,8.7,84,19.2
2021,6,2.7,90,19.6
2021,6,2.2,88,20.9
2021,6,3,84,21.6
2021,6,5.7,82,21.5
2021,6,7.5,77,20.5
2021,6,6.5,78,21
2021,6,2.7,76,21.6
2021,6,1.6,80,21.2
2021,6,2.3,83,21.7
2021,6,6.8,86,22.5
2021,6,9.2,83,22.7
2021,6,5.7,80,22.3
2021,6,6.2,81,22.8
2021,7,8.4,81,23.4
2021,7,9.5,79,23.4
2021,7,8.6,88,22.8
2021,7,9.9,89,23.3
2021,7,4.3,92,22.5
2021,7,9.3,93,23.5
2021,7,6.2,94,22.9
2021,7,4.9,95,23.9
2021,7,5.7,92,24.2
2021,7,5.3,92,24
2021,7,4.8,93,24
2021,7,4.8,94,25.1
2021,7,4.3,94,25.8
2021,7,3.4,94,26
2021,7,2.6,89,25.7
2021,7,4.9,84,26.4
2021,7,6.7,80,26
2021,7,6.4,81,26.1
2021,7,5.1,83,26
2021,7,6.2,82,26.6
2021,7,8.9,85,26.8
2021,7,8.9,86,26.5
2021,7,7.9,87,25.8
2021,7,7.8,88,26.7
2021,7,7.2,79,27.1
2021,7,5.7,78,26.7
2021,7,6.3,83,26.5
2021,7,5.1,80,27.1
2021,7,2.8,77,26.7
2021,7,5,84,26.1
2021,7,4.2,89,27.2
2021,8,4,87,27.9
2021,8,3.3,83,27.7
2021,8,2.4,79,27.1
2021,8,1.5,76,28.4
2021,8,3.9,81,28.6
2021,8,5.1,85,28.5
2021,8,4.8,81,27.9
2021,8,7.9,82,26.1
2021,8,6.1,73,27.1
2021,8,5.3,80,26.3
2021,8,3.8,79,25.3
2021,8,5.2,79,25.5
2021,8,7.5,80,26.1
2021,8,9.4,80,24.6
2021,8,7.5,77,24.7
2021,8,9.9,74,25.2
2021,8,9.1,81,24.3
2021,8,8.8,77,24.1
2021,8,5.2,76,24
2021,8,3.5,79,25.1
2021,8,10.1,87,25.1
2021,8,5.9,87,24.8
2021,8,5.7,89,24.8
2021,8,11.4,89,25.4
2021,8,6.5,90,25.2
2021,8,5.9,88,24.8
2021,8,6.3,89,25.3
2021,8,5,87,25.7
2021,8,6,88,26.2
2021,8,3.3,86,26.2
2021,8,2.6,83,25.8
2021,9,7.7,86,26
2021,9,9.2,80,22.8
2021,9,9.6,80,22.3
2021,9,8.9,73,22.9
2021,9,9.3,72,23.8
2021,9,9.3,75,24.2
2021,9,6.2,81,
2021,9,2.9,80,25
2021,9,1.9,78,24.1
2021,9,2.2,81,24.8
2021,9,5.1,84,25
2021,9,10.3,81,25.5
2021,9,10.9,91,24
2021,9,13.6,72,24.3
2021,9,,78,24.3
2021,9,14,87,23
2021,9,7.2,73,23.7
2021,9,9.2,77,23.9
2021,9,7,,
2021,9,6.8,90,24.5
2021,9,6.6,87,24.2
2021,9,3.5,66,24
2021,9,7.4,77,23.3
2021,9,9.7,78,24
2021,9,10.4,73,23.5
2021,9,9.3,76,23.3
2021,9,7.8,83,23.9
2021,9,3.3,92,25.1
2021,9,7.9,86,23.6
2021,10,4.6,78,23.3
2021,10,2.5,82,23.8
2021,10,1.7,86,24.3
2021,10,5.6,85,25.4
2021,10,3.4,88,24.8
2021,10,6.1,84,24.1
2021,10,3,83,24.1
2021,10,5.8,85,24.2
2021,10,3.4,90,24.9
2021,10,8.8,90,23.3
2021,10,13,86,21.2
2021,10,10.8,81,22.1
2021,10,4.6,77,22.6
2021,10,5.7,,
2021,10,9,70,18.3
2021,10,8.5,53,13.4
2021,10,4.6,57,15.8
2021,10,6.2,53,17.3
2021,10,5.5,62,15.8
2021,10,6.6,78,16.5
2021,10,8.7,58,16.6
2021,10,7,59,17.9
2021,10,4.9,58,18.9
2021,10,5.3,61,19
2021,10,4.3,52,18.4
2021,10,4.5,56,19.3
2021,10,9.1,59,18.7
2021,10,9.8,61,18.8
2021,10,6.6,68,18.6
2021,10,4.1,61,19
2021,11,4.8,60,19.3
2021,11,5.8,59,17.1
2021,11,5.6,60,17.1
2021,11,4.7,56,17.9
2021,11,5.6,61,18.8
2021,11,9.5,61,19.6
2021,11,9.5,73,16.9
2021,11,8.4,59,12.6
2021,11,9.8,62,12.9
2021,11,7,62,12.9
2021,11,6.5,56,11.1
2021,11,5.8,58,13.5
2021,11,5.6,61,15.8
2021,11,3.4,59,15.7
2021,11,4.9,56,15.5
2021,11,4.7,53,14.7
2021,11,4.1,54,15.2
2021,11,2.4,66,16.4
2021,11,4.6,76,16.7
2021,11,4.1,82,16.9
2021,11,8.5,56,12.3
2021,11,7.2,61,8.7
2021,11,9,59,12.2
2021,11,8.3,57,14.5
2021,11,6.5,47,11.7
2021,11,5.4,52,10.8
2021,11,4.3,60,12.6
2021,11,3.2,64,13.8
2021,11,9.1,74,14.5
2021,12,8.9,50,6.8
2021,12,6.5,54,6.9
2021,12,9.3,56,11.1
2021,12,6.1,50,9
2021,12,5,62,11.6
2021,12,3.4,73,13.9
2021,12,7.8,69,13.3
2021,12,8.8,65,12.9
2021,12,7.1,69,14.2
2021,12,4.1,75,14.3
2021,12,4.5,69,13.2
2021,12,7.1,58,11.3
2021,12,8,48,5.8
2021,12,6.4,56,7.7
2021,12,5.1,67,13.3
2021,12,4.1,74,12.2
2021,12,11.2,53,6.1
2021,12,8.5,51,2.2
2021,12,6.6,51,7.4
2021,12,8.4,60,11.7
2021,12,7.5,64,13.6
2021,12,3.9,44,12.1
2021,12,3.6,42,11.5
2021,12,6.3,60,10.6
2021,12,8.7,51,1.9
2021,12,8.7,50,-1.2
2021,12,6.5,53,1.8
2021,12,5.6,58,7.2
2021,12,7.3,58,9.4
2021,12,8.3,51,5.5
2021,12,7.3,43,3.3
2022,1,4.4,40,4.7
2022,1,4.3,45,8.1
2022,1,6,44,7.4
2022,1,3.9,50,7.9
2022,1,7.4,65,8.6
2022,1,7.9,51,8.9
2022,1,4.8,51,8.4
2022,1,4.2,42,9
2022,1,4.9,58,8.5
2022,1,5.4,67,9.5
2022,1,9.1,52,4.6
2022,1,7.8,51,2
2022,1,8.6,49,2.5
2022,1,6.3,43,3.3
2022,1,3.3,49,8
2022,1,7.8,55,7.9
2022,1,6.5,48,4.1
2022,1,6.7,40,3.1
2022,1,6.3,49,4.9
2022,1,7.1,52,4.4
2022,1,4.6,56,6.8
2022,1,4.2,64,9.9
2022,1,6.9,71,11.5
2022,1,11.2,67,8.9
2022,1,5.1,67,9
2022,1,6.9,54,8.1
2022,1,4.8,51,8.3
2022,1,7.2,39,7.1
2022,1,8.1,41,5.9
2022,1,6.9,42,5.8
2022,1,7.7,43,6
2022,2,8.5,54,6
2022,2,5.6,53,4.5
2022,2,7.8,49,5
2022,2,8.5,49,3.7
2022,2,7.6,49,1.6
2022,2,7.4,49,2.4
2022,2,6,45,3.9
2022,2,6.4,44,6.2
2022,2,5.9,56,8.1
2022,2,5.7,48,9.3
2022,2,5.1,46,8.8
2022,2,6.4,55,10.1
2022,2,9.9,72,10.4
2022,2,6.6,68,10.3
2022,2,8.8,55,4.8
2022,2,7.8,51,0.8
2022,2,6.6,42,0
2022,2,7,61,5.8
2022,2,5.9,56,7.5
2022,2,9.1,43,2.1
2022,2,,46,1.9
2022,2,,46,2.6
2022,2,,44,2.7
2022,3,10.3,82,12.2
2022,4,8.8,57,11.1
2022,4,3.5,59,11.8
2022,4,3.6,63,12.7
2022,4,4,71,13
2022,4,6.9,68,12.9
2022,4,4.4,59,14.3
2022,4,5.6,73,14.9
2022,4,4.7,71,15
2022,4,5.5,88,14.9
2022,4,3.3,94,15.5
2022,4,1.9,95,15.8
2022,4,3.9,99,16.1
2022,4,11.9,89,13.9
2022,4,13.8,85,12.9
2022,4,11.5,69,12.7
2022,4,6,62,12.8
2022,4,3.7,68,14.2
2022,4,4,68,15.3
2022,4,3.5,60,16.3
2022,4,3.6,69,15.7
2022,4,3.1,84,14.9
2022,4,6.8,90,14.7
2022,4,4.8,90,15.2
2022,4,4.3,90,16.6
2022,4,2.8,95,16.4
2022,4,5.8,99,16.5
2022,4,7.5,79,16.2
2022,4,8.6,78,15.6
2022,4,10.1,78,13.2
2022,4,5.3,73,14.3
2022,5,5,60,15.2
2022,5,6.1,66,14.9
2022,5,5.5,78,14.2
2022,5,5.2,85,15.2
2022,5,3,87,16.3
2022,5,2.1,88,17.7
2022,5,5.4,86,17.1
2022,5,8.9,71,16.1
2022,5,9.7,72,16.2
2022,5,8.5,81,16.5
2022,5,3,88,17.5
2022,5,5.6,94,17.9
2022,5,8,89,17.4
2022,5,5.2,68,18.1
2022,5,5.4,60,17
2022,5,5.2,68,17
2022,5,3.8,80,17.4
2022,5,5.5,85,17.3
2022,5,5,79,17.4
2022,5,3.7,87,17.6
2022,5,3.3,90,18.1
2022,5,4.7,81,18.9
2022,5,2,90,19.2
2022,5,2,92,20
2022,5,4.8,91,19.3
2022,5,5.8,88,18.6
2022,5,6.8,77,18.7
2022,5,6,86,18.3
2022,5,3.3,89,18.7
2022,5,3.2,87,19.3
2022,5,4.3,76,19.7
2022,6,3.1,83,19.8
2022,6,5.5,94,18.9
2022,6,6,94,19.1
2022,6,8.1,90,19.5
2022,6,9,93,19
2022,6,7.3,86,19.4
2022,6,8.1,81,18.7
2022,6,7.7,81,18.7
2022,6,5.4,82,19.4
2022,6,2.7,91,20.1
2022,6,7.7,89,20.4
2022,6,8.6,82,20.5
2022,6,10.5,86,20.6
2022,6,12.6,92,19.6
2022,6,5.9,93,20.4
2022,6,7,95,20.8
2022,6,4.2,97,21.2
2022,6,4.9,97,21.3
2022,6,4.1,98,21.2
2022,6,1.9,98,22.1
2022,6,2.7,98,23.1
2022,6,4.8,97,22.8
2022,6,7.4,98,23.5
2022,6,9.9,98,22
2022,6,5.9,98,22.1
2022,6,6.2,99,23.1
2022,6,7.3,98,23.7
2022,6,7.8,98,24
2022,6,8.3,97,24.1
2022,6,4.4,99,23.3
2022,7,2,97,24.7
2022,7,2.9,95,24.7
2022,7,2.2,92,25.7
2022,7,1.9,94,26
2022,7,2.5,95,26.1
2022,7,1.9,98,26.5
2022,7,3.8,98,26.8
2022,7,5.9,98,26.1
2022,7,1.7,89,26.7
2022,7,3.6,91,26.5
2022,7,2.3,93,26.2
2022,7,7.4,87,25.2
2022,7,3.9,89,25.5
2022,7,6.6,98,25
2022,7,3.5,97,24.2
2022,7,3.2,94,24.2
2022,7,4.9,93,23.5
2022,7,4.8,98,23.6
2022,7,4.8,96,24.3
2022,7,3.9,94,23.8
2022,7,7.1,93,23.4
2022,7,5.2,91,22.4
2022,7,2.4,97,23.4
2022,7,6.2,96,23.9
2022,7,3.2,96,24
2022,7,4.7,96,24.4
2022,7,6.9,93,25.1
2022,7,6.6,98,25.4
2022,7,8.8,96,26.4
2022,7,8.8,93,27
2022,7,4,93,27.6
2022,8,5.9,93,27.7
2022,8,6,98,26.9
2022,8,4.9,99,26.5
2022,8,6.2,97,26.6
2022,8,5.7,98,26.6
2022,8,6,97,27.2
2022,8,5.7,96,28.1
2022,8,6.2,96,27.7
2022,8,5.4,95,27.9
2022,8,4.8,97,27.5
2022,8,5.1,97,27.1
2022,8,5.8,97,26.6
2022,8,3.9,98,25.7
2022,8,5.3,97,26
2022,8,5.9,98,26.3
2022,8,4.8,98,25
2022,8,3.8,98,24.3
2022,8,3,92,25.2
2022,8,4.4,94,25.8
2022,8,5.2,98,25.2
2022,8,7.3,88,25.2
2022,8,3.9,77,25.7
2022,8,5.2,90,26
2022,8,9.5,89,24.7
2022,8,4.4,83,25.2
2022,8,4.1,75,25.4
2022,8,4.4,75,25.4
2022,8,8.7,71,24.9
2022,8,7.3,81,26
2022,8,6.2,92,26.5
2022,8,5.3,91,25.5
2022,9,8.8,82,25.3
2022,9,10.1,91,24.7
2022,9,10.5,90,26.2
2022,9,5.9,95,27.5
2022,9,7,90,28.1
2022,9,9.8,77,25.5
2022,9,4.5,63,24.7
2022,9,8.2,75,23.6
2022,9,9.5,79,23.5
2022,9,11,79,23.8
2022,9,8.7,86,24.1
2022,9,8,88,24.2
2022,9,11.9,88,24.4
2022,9,14.5,87,24.6
2022,9,12.6,88,24.3
2022,9,7.7,95,24.5
2022,9,6.7,92,25.2
2022,9,12.2,89,25.6
2022,9,11.6,80,25.2
2022,9,11.2,66,21.5
2022,9,9.6,66,21.2
2022,9,7.1,75,22.5
2022,9,6,73,23.4
2022,9,6,57,21.9
2022,9,6.3,69,22.9
2022,9,5.7,78,22.6
2022,9,7.4,82,23
2022,9,4.7,78,23.2
2022,9,2.8,75,23.4
2022,9,2.5,80,23.1
2022,10,2.7,85,23.4
2022,10,2.2,85,24
2022,10,6.6,93,25
2022,10,10.1,90,23.3
2022,10,9.1,80,20.5
2022,10,4.9,75,20.7
2022,10,7.5,67,19.7
2022,10,10.6,67,19.7
2022,10,7.3,73,20.5
2022,10,9.2,61,17
2022,10,5.9,58,17.3
2022,10,8.7,68,19
2022,10,10.3,66,21.1
2022,10,8.4,74,20.6
2022,10,7.8,77,20.7
2022,10,5,80,20.6
2022,10,7.8,64,19.6
2022,10,7.6,52,15.7
2022,10,6.2,48,15.9
2022,10,4.1,56,17.8
2022,10,3.4,67,19.5
2022,10,3.8,79,20.2
2022,10,6.3,67,18.9
2022,10,8.5,55,16.2
2022,10,9.6,64,15.8
2022,10,6.6,70,17.7
2022,10,4.1,65,19
2022,10,8,77,18.8
2022,10,8.8,70,18.7
2022,10,9.1,72,17.8
2022,10,9,68,18.4
2022,11,5,67,18.5
2022,11,4.1,65,18.4
2022,11,4.9,56,18.6
2022,11,9,51,14.5
2022,11,6.9,40,13.7
2022,11,4,48,14.7
2022,11,4.1,59,16.2
2022,11,3.5,57,17.6
2022,11,3.9,63,17.4
2022,11,3.1,56,18.2
2022,11,6.5,75,19.4
2022,11,3.7,90,19.1
2022,11,9.6,83,18.3
2022,11,6.3,69,15.8
2022,11,7.1,56,13.8
2022,11,5,60,15.3
2022,11,4,55,15.4
2022,11,7.1,69,16.7
2022,11,8.4,64,18.6
2022,11,6.5,72,18
2022,11,4.2,75,17
2022,11,6.5,76,17.4
2022,11,7.5,70,17.2
2022,11,4.2,48,15.9
2022,11,3.5,69,17.1
2022,11,4.9,60,17.3
2022,11,5.1,58,16
2022,11,7.4,76,20.3
2022,11,10.6,72,17.5
2022,11,11.8,54,6.1
2022,12,9.9,55,4.1
2022,12,5.4,54,5.6
2022,12,3.7,60,11.1
2022,12,8.6,52,9.5
2022,12,9.2,48,7.5
2022,12,6.2,51,7.7
2022,12,5.5,51,10.3
2022,12,4,52,11.3
2022,12,3.5,56,12.8
2022,12,5.8,63,12.1
2022,12,8.6,54,10.8
2022,12,6.3,74,11.2
2022,12,9.6,56,9.5
2022,12,6.9,54,3.3
2022,12,5.4,60,5.3
2022,12,7,50,6.8
2022,12,8.7,52,4
2022,12,6.4,56,0.5
2022,12,4.4,56,3.3
2022,12,3.4,55,6.4
2022,12,5.6,77,9.1
2022,12,9.7,61,3.4
2022,12,10.2,59,0.2
2022,12,7.9,66,2.4
2022,12,8.1,51,6.5
2022,12,7.1,49,6.6
2022,12,6.7,44,7.4
2022,12,6.7,54,6.3
2022,12,6.8,58,4.8
2022,12,5.4,55,5.7
2022,12,6.5,57,5.5
