ÁöÁ¡,ÀÏ½Ã,Æò±Õ Ç³¼Ó(m/s),Æò±Õ »ó´ë½Àµµ(%),Æò±Õ ±â¿Â(¡ÆC)
2015,11,2.6,58,13
2015,11,5.7,54,15.1
2015,11,3.7,58,15.9
2015,11,2.7,62,17.8
2015,11,8.7,71,17.7
2015,11,7.2,90,18.2
2015,11,9.1,87,17.3
2015,11,7.6,71,16
2015,11,6.7,62,17.4
2015,11,10.3,63,17.4
2015,11,9.3,80,16.5
2015,11,5.1,85,18.4
2015,11,4.4,75,17.5
2015,11,13.3,87,14.8
2015,11,7.3,71,14.8
2015,11,2.8,63,16.4
2015,11,3.9,65,16.8
2015,11,7.2,77,16.7
2015,12,3.6,62,12.4
2015,12,4.1,72,13.5
2015,12,5.9,69,11.7
2015,12,8.2,42,7.8
2015,12,7.5,47,10.3
2015,12,7.4,46,7.8
2015,12,8.6,44,4.1
2015,12,4.6,42,5.3
2015,12,2.9,46,7.9
2015,12,6.7,57,8.3
2016,1,6.5,53,8.6
2016,1,9.2,61,11.4
2016,1,4.6,61,13.5
2016,1,6.6,47,12.6
2016,1,6.1,41,9.1
2016,1,8.5,48,8.3
2016,1,7,50,5.8
2016,1,9,52,4.5
2016,1,5.4,50,5.8
2016,1,5.3,49,6.4
2016,1,6.8,44,6.7
2016,1,5.4,46,6
2016,1,6.8,53,3.8
2016,1,5,51,4.4
2016,1,3.2,45,6.3
2016,1,2.9,56,8.2
2016,1,6.7,71,9.2
2016,1,11.3,60,5.4
2016,1,13,54,-0.8
2016,1,5,62,1.1
2016,1,4.7,49,3.9
2016,1,8,53,4.2
2016,1,10.7,53,-0.1
2016,1,10.9,61,-4.7
2016,1,8,56,-0.3
2016,1,7,54,3.7
2016,1,6.2,51,6.5
2016,1,5.5,60,7.6
2016,1,12.3,84,8.5
2016,1,8.8,79,8.2
2016,1,5.4,54,6.8
2016,2,5.6,51,4.5
2016,2,7,51,4.1
2016,2,4.8,44,4.9
2016,2,6.4,43,6
2016,2,6.2,39,6.2
2016,2,7.6,48,3.9
2016,2,5.5,77,4.2
2016,2,7.7,50,6.5
2016,2,9.6,39,7.8
2016,2,4.1,49,7.4
2016,2,4.1,57,10.8
2016,2,8.8,83,13.9
2016,2,7.7,94,14.8
2016,2,9.7,69,9
2016,2,9.7,51,1.5
2016,2,8.3,54,3.7
2016,2,7.7,46,5.1
2016,2,7.2,53,7.8
2016,2,6,54,10.6
2016,2,8.3,73,8.8
2016,2,5.8,41,4.7
2016,2,3.6,54,8.3
2016,2,7.2,46,8.7
2016,2,8,80,3.9
2016,2,7.7,45,4
2016,2,7.7,53,7.7
2016,2,7.3,69,10.7
2016,2,7.3,69,12
2016,2,10.5,50,3.1
2016,3,5.2,46,3
2016,3,8.6,54,8.4
2016,3,8.2,68,12.1
2016,3,5.1,91,12.7
2016,3,6,90,13.4
2016,3,7.3,93,13.7
2016,3,5.9,67,11.6
2016,3,5.1,52,11.6
2016,3,8.4,73,8.3
2016,3,8.4,73,6.8
2016,3,5.5,48,4.3
2016,3,4.1,40,5.9
2016,3,1.7,45,8.7
2016,3,7.7,62,8.5
2016,3,3.9,57,9.1
2016,3,8.2,60,12.4
2016,3,6.8,70,13.6
2016,3,5.4,90,13.7
2016,3,8.4,73,12.2
2016,3,7.3,62,9.5
2016,3,5.5,55,9.4
2016,3,8.8,69,12.3
2016,3,8,71,10.4
2016,3,10.1,59,8.3
2016,3,4.9,51,8
2016,3,3.3,74,7.4
2016,3,4.6,61,10.1
2016,3,6.9,49,12.5
2016,3,11.6,65,14
2016,3,6.3,74,14.6
2016,3,4,81,14.5
2016,4,5.8,86,13.8
2016,4,5.4,86,14.1
2016,4,6.6,90,13.8
2016,4,7.6,80,11.8
2016,4,5.6,74,13.9
2016,4,3.1,74,14.9
2016,4,6.7,89,13.5
2016,4,5.5,76,15.5
2016,4,6.5,78,16
2016,4,7,75,13.8
2016,4,8.4,65,9.8
2016,4,5,65,12.2
2016,4,6.8,87,15.1
2016,4,3.1,90,15.4
2016,4,5.3,67,13.4
2016,4,6.7,79,15.2
2016,4,13.5,68,15.5
2016,4,8.2,53,14.7
2016,4,6.1,56,13.7
2016,4,4.6,70,14.9
2016,4,7.2,91,15.2
2016,4,6.9,89,15.4
2016,4,4.5,67,16.2
2016,4,6.5,72,15.4
2016,4,3.9,81,15.2
2016,4,6,87,15.3
2016,4,14,92,13.8
2016,4,12.7,81,13.1
2016,4,5.4,63,14.9
2016,4,11,83,16.4
2016,5,9.6,86,17.1
2016,5,5.9,92,17.3
2016,5,13.6,81,16.8
2016,5,12.4,72,16.9
2016,5,4.9,73,17
2016,5,6.8,92,16.7
2016,5,4.7,81,16.8
2016,5,3.3,86,16.4
2016,5,1.9,92,16.5
2016,5,7.9,94,15.5
2016,5,7,80,15
2016,5,6.6,85,16.8
2016,5,7.9,83,16.8
2016,5,6.6,82,15.6
2016,5,5.2,92,17.8
2016,5,8.2,81,16.6
2016,5,3.2,54,18.5
2016,5,2.5,68,18.7
2016,5,2.4,80,18.6
2016,5,4.7,91,17.8
2016,5,6.8,85,18.3
2016,5,6.2,83,18.1
2016,5,3.8,90,18.7
2016,5,6.7,92,19.4
2016,5,3.4,83,19.8
2016,5,3.3,87,20.4
2016,5,3,84,20.5
2016,5,5.1,84,20.1
2016,5,3.7,85,20
2016,5,3.7,88,20.2
2016,5,5.9,87,20.8
2016,6,8.1,69,19.5
2016,6,4.3,69,19.3
2016,6,4.6,81,20.1
2016,6,5.9,89,19.9
2016,6,8.8,85,20
2016,6,6,89,19.7
2016,6,2.3,94,20.1
2016,6,2.4,95,20.4
2016,6,5,95,20.5
2016,6,2.7,91,20.7
2016,6,4.4,93,21.5
2016,6,3.1,97,21.6
2016,6,5,94,20.8
2016,6,3.3,90,20.8
2016,6,6,91,22.2
2016,6,6.3,92,22.8
2016,6,6.3,78,22.4
2016,6,7.7,91,21.8
2016,6,8.2,95,22.5
2016,6,6.5,97,22.2
2016,6,4.3,94,21.6
2016,6,4.5,92,22.3
2016,6,4.9,86,22.5
2016,6,7,92,22.7
2016,6,9.2,76,22.3
2016,6,5.7,83,21.3
2016,6,4.7,92,20.8
2016,6,2.1,85,21.2
2016,6,2.4,91,21.3
2016,6,7.2,92,21.9
2016,7,8.1,93,22.7
2016,7,9.6,93,22.4
2016,7,4.5,94,21.1
2016,7,3.7,95,20.7
2016,7,5.5,94,23
2016,7,6.1,94,22.5
2016,7,1.7,92,23.1
2016,7,2.4,92,24.1
2016,7,1.9,89,24.3
2016,7,4.4,88,25
2016,7,3.1,93,25.1
2016,7,6.2,93,24.5
2016,7,4.4,93,24.3
2016,7,6.4,84,24.4
2016,7,6.6,80,23.2
2016,7,5.2,85,24
2016,7,4.3,87,24.2
2016,7,2.8,85,24.2
2016,7,4.6,81,24.4
2016,7,6.4,80,23.9
2016,7,4.8,75,24
2016,7,4.4,76,24.3
2016,7,2.4,79,25
2016,7,5.9,89,26.5
2016,7,6.1,90,26.8
2016,7,8.1,90,27.1
2016,7,8.4,90,27.5
2016,7,9.1,89,27.9
2016,7,8.2,89,28.3
2016,7,5.9,87,28.4
2016,7,2.4,81,28.6
2016,8,2.5,83,28.2
2016,8,3,86,27.8
2016,8,3.5,82,28
2016,8,4.7,78,28.2
2016,8,4.1,76,28
2016,8,2.6,81,28.5
2016,8,2.8,82,29.1
2016,8,3.8,79,29.7
2016,8,6.7,76,28
2016,8,2.4,73,28.2
2016,8,3,76,29.1
2016,8,5.1,83,29.4
2016,8,7.1,78,30.6
2016,8,5.7,77,30.3
2016,8,3,79,29.7
2016,8,5.7,76,28
2016,8,4.9,73,28.6
2016,8,5.3,74,28.4
2016,8,5.9,77,28.4
2016,8,7.5,72,28.2
2016,8,7.8,81,28.3
2016,8,7.4,77,28.3
2016,8,7,72,27.7
2016,8,6.5,72,27.5
2016,8,4.3,81,28.4
2016,8,10.7,76,25.4
2016,8,10,62,24.7
2016,8,11.8,82,22.5
2016,8,12.6,67,22.8
2016,8,8.7,58,24.1
2016,8,13.6,66,25.1
2016,9,9.5,78,25.7
2016,9,6.7,85,23.5
2016,9,4.4,86,24.9
2016,9,6.3,90,24.9
2016,9,4.8,88,24.7
2016,9,1.9,87,25.3
2016,9,2.6,84,25.5
2016,9,3.9,77,24.1
2016,9,2.2,76,24.7
2016,9,5.5,77,24.7
2016,9,5.7,79,24.8
2016,9,8.2,83,23.7
2016,9,7.2,74,24.1
2016,9,4.6,74,24.3
2016,9,2.7,75,24.2
2016,9,2,79,24.5
2016,9,9.8,87,23.5
2016,9,10.6,82,23.3
2016,9,12.3,77,22.2
2016,9,13.2,62,22
2016,9,8.7,61,22.5
2016,9,7,71,22.6
2016,9,6.2,72,22.4
2016,9,5,74,22.9
2016,9,3.3,82,23.3
2016,9,3.5,91,24
2016,9,2.2,91,24.5
2016,9,4.9,92,23.2
2016,9,9.7,75,21.1
2016,9,5.1,78,20.3
2016,10,4.6,79,22
2016,10,2.5,86,23
2016,10,4.1,92,24
2016,10,7.6,84,23.4
2016,10,10.7,81,23.1
2016,10,5.4,72,22.6
2016,10,6.8,68,21.5
2016,10,5.5,77,22
2016,10,9.8,58,18.4
2016,10,7.4,59,18.6
2016,10,4.4,59,19.4
2016,10,7.2,62,20.1
2016,10,3.4,60,19.9
2016,10,2.2,62,20.3
2016,10,5.5,66,20.8
2016,10,4.6,82,20
2016,10,2.6,83,21.2
2016,10,5.7,73,21
2016,10,4.3,71,20.6
2016,10,7.1,70,20.7
2016,10,9.6,68,18.5
2016,10,6.8,72,19.4
2016,10,11.7,68,18.1
2016,10,6.9,59,17.5
2016,10,8.2,73,21.1
2016,10,3.3,71,19.8
2016,10,9.1,67,19
2016,10,8.2,80,18.6
2016,10,8.5,69,17.2
2016,10,5.5,57,15.5
2016,10,4.3,54,16.5
2016,11,8.8,57,11.9
2016,11,6.6,44,12.1
2016,11,5.3,49,14.1
2016,11,5.5,54,16.3
2016,11,8.7,63,18.6
2016,11,10.6,72,16.7
2016,11,6.5,59,16.1
2016,11,7.7,60,15.6
2016,11,9,62,12.5
2016,11,6.4,64,14
2016,11,5.6,54,15.4
2016,11,4.1,52,17.3
2016,11,3.8,65,19.1
2016,11,5.8,78,19.7
2016,11,7.1,62,17.2
2016,11,3.3,47,16.6
2016,11,5.6,60,15.9
2016,11,3.8,70,17.8
2016,11,5.8,82,18.5
2016,11,7.1,68,17.9
2016,11,6.3,71,17.3
2016,11,8.1,65,14.5
2016,11,9.3,72,11.7
2016,11,9,44,7.7
2016,11,5.6,44,8.4
2016,11,1.9,57,11.6
2016,11,7.8,61,11.8
2016,11,7.4,46,10.2
2016,11,7.9,61,11.4
2016,11,8.1,66,14.5
2016,12,7,51,12.5
2016,12,4.4,38,11.4
2016,12,3.7,53,14.6
2016,12,7.3,58,15.1
2016,12,7.4,57,14.6
2016,12,6.7,39,9
2016,12,6.1,47,10.3
2016,12,5.3,50,11.2
2016,12,8.7,49,12
2016,12,6.5,49,9.1
2016,12,5.8,57,9.8
2016,12,2.4,53,13.6
2016,12,7.4,66,14
2016,12,8.8,78,8.8
2016,12,8.6,56,5.8
2016,12,8.8,47,5.2
2016,12,6.1,50,9
2016,12,8.2,59,12.8
2016,12,4.1,70,14.6
2016,12,6.7,71,15.3
2016,12,6.1,75,16.3
2016,12,12.4,72,15
2016,12,9.4,56,7.6
2016,12,5,68,8.4
2016,12,4.2,68,12.9
2016,12,6.1,78,12.7
2016,12,11.7,65,8.1
2016,12,6.5,65,7.5
2016,12,9.1,50,5.8
2016,12,6.3,44,6.5
2016,12,7.5,55,8
2017,1,4.6,56,9.9
2017,1,5.6,55,12.1
2017,1,5.9,42,10.9
2017,1,6.6,48,11.3
2017,1,9.6,62,10.6
2017,1,6.6,56,9.6
2017,1,4.2,59,11.3
2017,1,8,73,11.9
2017,1,8.2,53,10.4
2017,1,9,,7
2017,1,9.7,,
2017,1,8.5,,6.9
2017,1,9.5,,4.3
2017,1,9.6,,0.5
2017,1,7.4,,3.3
2017,1,9.7,,5.9
2017,1,4.2,,8.4
2017,1,6.2,,8.9
2017,1,4,,9.2
2017,1,12,62,6.2
2017,1,6.4,56,5.8
2017,1,11.1,58,3.5
2017,1,11,60,1.6
2017,1,8.5,49,3.4
2017,1,3.2,40,6.2
2017,1,7.8,52,8.7
2017,1,9.5,52,10.5
2017,1,3,49,9.7
2017,1,2.9,75,11.9
2017,1,10.2,66,7.2
2017,1,4.5,66,7.9
2017,2,8.7,48,6.3
2017,2,7.2,38,7.7
2017,2,4.9,44,9.6
2017,2,4.5,45,12.3
2017,2,6.9,74,10.6
2017,2,8.9,50,7.4
2017,2,5.2,58,8.1
2017,2,4.2,62,8.8
2017,2,10.8,54,4.5
2017,2,11.1,60,1.6
2017,2,9.7,60,2.6
2017,2,7,48,6.2
2017,2,5.8,44,7.7
2017,3,6.1,59,11.5
2017,3,8.4,65,8.7
2017,3,5,46,8.8
2017,3,3.8,48,11.9
2017,3,5.1,55,12.5
2017,3,8.8,42,8.9
2017,3,7.1,44,4.9
2017,3,8.3,46,4.8
2017,3,8.8,45,8.1
2017,3,5.3,40,9.1
2017,3,4.8,44,11.2
2017,3,5.3,58,12.7
2017,3,7.5,56,11.2
2017,3,6.1,67,8.2
2017,3,9.4,63,8.3
2017,3,3.2,55,10.1
2017,3,3.6,52,11.7
2017,3,4.8,46,14.2
2017,3,6.5,60,14.4
2017,3,4.5,69,14
2017,3,9,66,12
2017,3,4.9,49,12.4
2017,3,5.6,52,13.8
2017,3,6.5,50,11.5
2017,3,5.4,53,12
2017,3,4.4,61,11.6
2017,3,7,61,10.9
2017,3,6,47,12.4
2017,3,4.4,69,12.9
2017,3,5.1,60,15.1
2017,3,8.8,66,12.9
2017,4,3.8,69,11.6
2017,4,7.3,65,11.7
2017,4,7.1,58,15.8
2017,4,5.7,64,17.2
2017,4,7.7,78,17.1
2017,4,10.9,89,17.7
2017,4,4.7,88,15.5
2017,4,2.8,95,14.9
2017,4,8.6,76,14.8
2017,4,9.3,72,14.1
2017,4,8.4,80,14.7
2017,4,7.6,63,15.4
2017,4,7.7,56,16.3
2017,4,10.9,69,18.1
2017,4,8.9,85,18
2017,4,6,96,16.4
2017,4,8.4,91,17.9
2017,4,7.7,72,17.4
2017,4,7.4,57,16.9
2017,4,3.6,70,17.4
2017,4,4.8,65,16.7
2017,4,4.7,66,15.2
2017,4,4.2,61,16.6
2017,4,5.2,73,17.6
2017,4,6.1,85,18.6
2017,4,4.4,84,16.5
2017,4,5.4,58,16.3
2017,4,10,64,17.6
2017,4,6.9,67,18.4
2017,4,12.3,73,18.7
2017,5,8.3,71,17.4
2017,5,5.4,71,16.8
2017,5,3,79,17.9
2017,5,2.5,80,19.9
2017,5,4.2,91,18.6
2017,5,5.5,68,18.2
2017,5,8.2,68,17.7
2017,5,6.8,74,17.7
2017,5,4.9,80,16.5
2017,5,6,89,16.4
2017,5,8.8,88,17.1
2017,5,6,90,17.1
2017,5,4.5,88,16.9
2017,5,7.2,70,17.4
2017,5,6.9,67,17
2017,5,3.2,80,16.7
2017,5,2.2,85,16.9
2017,5,4.2,86,17.6
2017,5,6.6,78,18.5
2017,5,7.3,78,18.4
2017,5,6.8,82,18.3
2017,5,3.7,89,17.3
2017,5,3.8,88,17.8
2017,5,3.2,91,18
2017,5,5.7,89,18.3
2017,5,4.6,70,15.8
2017,5,2.9,79,17.3
2017,5,7.8,82,18.3
2017,5,7.2,80,18.9
2017,5,3.7,87,19.1
2017,5,7.6,90,19.1
2017,6,5.4,91,18.7
2017,6,4.3,74,17.3
2017,6,2.8,77,18.4
2017,6,2.1,81,18.3
2017,6,4.4,82,18.7
2017,6,3.9,80,18.9
2017,6,9.9,88,19.4
2017,6,5.1,78,19.8
2017,6,7.6,83,19.7
2017,6,5.9,85,19
2017,6,6,80,18.8
2017,6,6.5,76,18.2
2017,6,3.2,73,
2017,6,4.7,80,19.8
2017,6,4.9,78,21.3
2017,6,6.4,83,19.5
2017,6,4,80,19.5
2017,6,2.1,83,20.5
2017,6,6.8,87,21.9
2017,6,5,88,21.7
2017,6,6.2,81,21.1
2017,6,4.2,90,22
2017,6,3.4,88,22.3
2017,6,2.6,93,22.1
2017,6,3.3,91,22.1
2017,6,3.1,88,22.3
2017,6,3.4,87,22.1
2017,6,7.3,94,23.5
2017,7,9.1,96,23.4
2017,7,7.7,96,23.8
2017,7,9.4,95,23.6
2017,7,5.4,96,22.6
2017,7,2.4,94,22.5
2017,7,4,94,24.3
2017,7,6.2,95,24.7
2017,7,7.7,96,25
2017,7,6.6,94,24.9
2017,7,9.1,93,25.3
2017,7,8.9,93,23.8
2017,7,6.2,92,24.1
2017,7,8.8,93,24.4
2017,7,8.8,96,24.8
2017,7,7.5,95,25.6
2017,7,9,93,26
2017,7,8.2,88,26.5
2017,7,7.8,89,26.4
2017,7,2.8,87,27.1
2017,7,5.1,90,27.1
2017,7,6.1,90,25.9
2017,7,3.1,87,26.9
2017,7,3.3,88,27.6
2017,8,4.6,90,27.4
2017,8,6.2,84,27.2
2017,8,6.2,88,28.1
2017,8,5.5,91,28.7
2017,8,5.2,93,29.5
2017,8,6.6,91,30.1
2017,8,6.6,89,29.3
2017,8,4.2,83,30
2017,8,3.6,90,28.8
2017,8,6.6,91,28.2
2017,8,7.5,85,27.8
2017,8,7.7,81,26.8
2017,8,7.4,83,26.7
2017,8,8.2,90,26.4
2017,8,4.1,90,27.3
2017,8,5.9,93,26.9
2017,8,7.5,91,26.4
2017,8,3.3,88,26.5
2017,8,4,87,27.4
2017,8,4.2,87,28
2017,8,6.6,89,29.3
2017,8,7.3,89,28.9
2017,8,8.2,95,29.3
2017,8,10.1,94,29.1
2017,8,4.6,87,27.1
2017,8,4.9,63,27.5
2017,8,3.6,62,27.5
2017,8,5.6,74,27.6
2017,8,6.6,83,26.8
2017,8,6.5,77,25.3
2017,8,9.1,72,25.3
2017,9,10.2,70,25
2017,9,8,68,24.7
2017,9,6.9,66,25.3
2017,9,6.2,69,26.3
2017,9,2.8,81,26
2017,9,2.7,92,25.4
2017,9,3.4,76,25.2
2017,9,2.1,72,26.5
2017,9,2,73,26.8
2017,9,2.8,78,26.3
2017,9,8.8,88,26
2017,9,3.5,77,25.4
2017,9,6,62,25.3
2017,9,6.4,66,25.3
2017,9,11.2,65,24.6
2017,9,11,79,24.9
2017,9,11.8,87,24.7
2017,9,6.2,77,24.8
2017,9,7.6,75,25.8
2017,9,7.8,63,25.7
2017,9,3.3,67,24
2017,9,2.8,75,24.3
2017,9,2.9,69,25
2017,9,2.3,72,25
2017,9,3.4,80,25
2017,9,3.7,78,24.2
2017,9,8.1,91,24.1
2017,9,8.2,71,23.2
2017,9,5,49,20.8
2017,9,2.8,51,23.3
2017,10,6.1,66,24.3
2017,10,10.5,88,23.5
2017,10,8.6,78,22.9
2017,10,8,64,21.2
2017,10,7.9,66,22.1
2017,10,5.5,88,22.7
2017,10,6.5,84,23.7
2017,10,3.5,81,24.2
2017,10,2.7,79,24.8
2017,10,4.6,82,24.9
2017,10,5.7,84,24.2
2017,10,7.5,84,21.1
2017,10,7.3,67,20.1
2017,10,9.6,70,20.7
2017,10,10,70,20.7
2017,10,9.1,64,21.3
2017,10,9.1,65,21.4
2017,10,10.9,68,20.7
2017,10,9.1,67,20.8
2017,10,8.7,68,21.1
2017,10,10.8,69,21.1
2017,10,16.5,74,20.9
2017,10,11.1,64,18
2017,10,5.5,58,17.8
2017,10,4.2,57,18.5
2017,10,2.2,64,19.6
2017,10,4.4,71,20.4
2017,10,8,79,21.2
2017,10,10,69,20.1
2017,10,6.4,60,15.3
2017,10,3.8,44,17.4
2017,11,6.7,51,18.9
2017,11,3.5,62,19.5
2017,11,4.8,66,19.8
2017,11,7.8,64,14.3
2017,11,3.8,49,15.9
2017,11,9.3,64,18.1
2017,11,6.8,71,19.3
2017,11,6,67,20.9
2017,11,6.1,62,17.9
2017,11,8.7,70,19.8
2017,11,7.9,50,13
2017,11,3,52,15.2
2017,11,6.8,63,17.4
2017,11,5.8,46,17.1
2017,11,8.7,49,12.4
2017,11,5.3,49,10.1
2017,11,3.6,52,15
2017,11,9.4,56,11.7
2017,11,10.2,49,6.7
2017,11,8.4,46,9.6
2017,11,5,55,12.2
2017,11,6.9,55,14.3
2017,11,9.3,45,9.3
2017,11,8.4,55,9.5
2017,11,7.3,56,11.2
2017,11,7.6,61,15.8
2017,11,4.7,63,15.8
2017,11,7.7,71,18.1
2017,11,5.9,57,16.6
2017,11,9.6,47,11.8
2017,12,8.6,45,6.2
2017,12,4.9,52,8.7
2017,12,2.4,53,12.5
2017,12,7.4,55,10.9
2017,12,10.7,55,4.5
2017,12,4.9,50,8.1
2017,12,7.1,55,10.8
2017,12,9.3,52,5.6
2017,12,6.7,59,8
2017,12,7.4,62,11.8
2017,12,10.4,52,4.7
2017,12,10.9,49,1
2017,12,8.6,48,3.5
2017,12,3.8,61,8.1
2017,12,4.6,50,10.1
2017,12,8.8,52,5.9
2017,12,10.1,51,2.2
2017,12,6.7,54,6.6
2017,12,7.9,50,6.6
2017,12,5.2,47,5.9
2017,12,5.1,48,8.7
2017,12,4.7,53,9.4
2017,12,5.8,54,11.9
2017,12,9.9,69,13.4
2017,12,11.6,48,7.4
2017,12,8.4,52,6.3
2017,12,9.7,43,3.3
2017,12,6.7,52,6.2
2017,12,7.5,60,9.6
2017,12,4.5,66,11.6
2017,12,7.8,53,9
2018,1,10.1,48,6.4
2018,1,8.2,49,8
2018,1,6.5,47,5.9
2018,1,3.9,58,6.5
2018,1,4.5,59,8.3
2018,1,8.1,48,7.6
2018,1,2.4,53,10.7
2018,1,5.7,80,10.9
2018,1,10,55,6.1
2018,1,8.9,56,3.6
2018,1,9.7,58,-0.6
2018,1,8.8,58,-0.5
2018,1,8.9,62,4.3
2018,1,4.4,60,8.4
2018,1,7.1,65,13.2
2018,1,6.6,82,12.7
2018,1,7.2,82,11.7
2018,1,5.5,62,10.9
2018,1,3.8,52,10.1
2018,1,4.6,46,9.3
2018,1,6,49,9.4
2018,1,5.9,65,9.9
2018,1,10.7,53,2.9
2018,1,10.5,58,-2.9
2018,1,7.3,54,-0.5
2018,1,9.1,58,-2.1
2018,1,2.2,56,2.4
2018,1,6.5,51,5.6
2018,1,8.9,50,0.6
2018,1,7.4,49,1.8
2018,1,4.1,49,5.7
2018,2,5.2,48,6.2
2018,2,6.2,59,7
2018,2,9,49,3.8
2018,2,10.8,55,-0.9
2018,2,11.2,51,-0.5
2018,2,9.5,52,-1.5
2018,2,4.9,56,-0.4
2018,2,3.3,43,4.9
2018,2,6.2,65,10.3
2018,2,6.3,51,10
2018,2,9.3,50,2.1
2018,2,7.7,55,2.2
2018,2,7.6,54,4.7
2018,2,11.9,71,11.8
2018,2,5.4,62,9.6
2018,2,3.8,57,10
2018,2,2.8,41,6.7
2018,2,3.4,50,9.4
2018,2,3.9,42,10.6
2018,2,7.1,51,7.3
2018,2,4.9,42,6.5
2018,2,7.2,53,9.8
2018,2,6.6,57,11.1
2018,2,3.6,73,10.8
2018,2,5.9,67,9.4
2018,2,5.8,64,12.5
2018,2,8.6,78,13.4
2018,3,11.1,54,10.9
2018,3,5.8,57,7.6
2018,3,7.1,70,13.1
2018,3,5.7,89,15
2018,3,13.5,85,9.9
2018,3,9,65,8.4
2018,3,9.6,73,10.1
2018,3,13.8,86,9.3
2018,3,9,70,7.8
2018,3,5,65,10.2
2018,3,5.4,55,12
2018,3,5.6,68,14.3
2018,3,10.3,82,14.8
2018,3,8.3,90,15.9
2018,3,7.9,94,16.3
2018,3,13.4,75,8.2
2018,3,4.6,65,8.3
2018,3,4.2,78,13.1
2018,3,10.4,92,12.5
2018,3,14.9,71,8.9
2018,3,15.5,87,7.3
2018,3,7.9,61,8.7
2018,3,3.7,55,11.8
2018,3,6.9,55,13.8
2018,3,6.6,65,15.1
2018,3,6.5,79,15
2018,3,7.1,77,15.6
2018,3,10.1,80,15.6
2018,3,6.7,81,14.7
2018,3,7.8,58,13.8
2018,3,4.3,70,14.6
2018,4,8.6,90,16.3
2018,4,7.1,91,17
2018,4,8.2,96,16.4
2018,4,8.2,84,12.7
2018,4,6.4,80,12.3
2018,4,8.1,74,13
2018,4,9.4,50,9.2
2018,4,9.8,53,10.1
2018,4,6.1,66,14.7
2018,4,8.2,80,16.3
2018,4,9.9,82,17.2
2018,4,6.5,56,16.4
2018,4,7.4,58,14.6
2018,4,6.9,83,14.8
2018,4,6.4,63,14.1
2018,4,7.2,71,14.1
2018,4,4.2,77,14.9
2018,4,5.8,75,15.9
2018,4,9.5,78,16.1
2018,4,2.9,81,17.7
2018,4,7.9,87,17.1
2018,4,6.6,90,16.1
2018,4,9,91,14.5
2018,4,12.8,88,14
2018,4,9.2,64,14.1
2018,4,3.7,79,14.6
2018,4,6.4,71,16
2018,4,6.9,79,16.5
2018,4,9.7,87,17.3
2018,4,8.9,89,18.3
2018,5,3.3,87,17.5
2018,5,5.8,94,16.5
2018,5,9.9,59,16.4
2018,5,11.7,63,16.2
2018,5,11,81,17.5
2018,5,6.2,87,19.2
2018,5,6.5,95,19.1
2018,5,4,89,19.2
2018,5,7.8,86,20
2018,5,7.2,93,20
2018,5,7.7,98,21
2018,5,9.7,92,17.8
2018,5,11,78,16.1
2018,5,10.4,79,16.5
2018,5,8.8,88,17.1
2018,5,3.9,91,17.7
2018,5,5.1,88,19.2
2018,5,6.5,76,19.8
2018,5,5.7,81,21.2
2018,5,4.7,85,20
2018,5,3,89,20.2
2018,5,3.9,92,20.2
2018,5,3,95,21
2018,5,4.7,95,21.8
2018,5,4.8,82,20.8
2018,6,2.1,81,21.5
2018,6,4.3,88,22.1
2018,6,6,87,22.2
2018,6,6.3,87,22.2
2018,6,3.7,88,21.1
2018,6,2.3,91,21.9
2018,6,6.6,94,22.4
2018,6,4.9,91,22.6
2018,6,9.4,84,21.3
2018,6,9.6,88,20.4
2018,6,9.4,90,18.9
2018,6,5,74,19.6
2018,6,4.3,80,20.6
2018,6,7.7,81,21
2018,6,10,77,20
2018,6,7.6,77,19.6
2018,6,3.4,89,20.8
2018,6,3.3,93,22.4
2018,6,5,96,22.5
2018,6,2.9,88,22.7
2018,6,3.6,84,24.2
2018,6,2.2,81,24.3
2018,6,5.9,85,23.7
2018,6,6.4,89,23.7
2018,6,6.4,94,23.4
2018,6,8.9,95,24.2
2018,6,12.1,96,24.2
2018,6,7.5,98,22.9
2018,6,6.5,96,23.7
2018,6,4.8,96,23.3
2018,7,4.8,94,24.9
2018,7,4.9,93,25.1
2018,7,10.6,94,24.3
2018,7,5.4,96,23.7
2018,7,3.6,98,22.8
2018,7,10.1,95,22
2018,7,11.9,87,21.2
2018,7,9.6,92,20.8
2018,7,6.7,98,21.6
2018,7,3.6,97,22.4
2018,7,2.3,94,24.8
2018,7,5.9,94,25.7
2018,7,5.3,96,25.5
2018,7,5.3,95,26.3
2018,7,4.5,97,25.6
2018,7,5.8,,
2018,7,3.7,92,26.6
2018,7,2.5,94,27.1
2018,7,1.9,83,29.1
2018,7,5.7,88,29.3
2018,7,5.7,90,29.2
2018,7,5.8,87,29.6
2018,7,7,89,29.3
2018,7,6.3,92,28.7
2018,7,3.5,94,29.4
2018,7,2.4,82,30.1
2018,7,6.8,82,29.2
2018,7,12,88,28.5
2018,7,6.1,88,28.4
2018,7,6.7,93,28.2
2018,8,4.4,94,28.7
2018,8,3.7,92,28.8
2018,8,3.8,86,30.2
2018,8,9.1,87,30
2018,8,5.4,91,30.3
2018,8,3.7,89,30.1
2018,8,6.6,78,28.9
2018,8,4.6,74,28.5
2018,8,4.3,77,28.8
2018,8,4.1,80,28.7
2018,8,7.6,83,29.1
2018,8,3.7,86,29.9
2018,8,3.3,89,30.5
2018,8,3.5,85,30.5
2018,8,8.5,89,29.6
2018,8,7.9,83,28.4
2018,8,9.9,66,27.1
2018,8,7.2,67,26.7
2018,8,4.3,77,27.2
2018,8,2.3,77,28.1
2018,8,4.4,85,29.6
2018,8,5.9,83,30.4
2018,8,7.4,83,30.1
2018,8,14.5,87,28.6
2018,8,6.4,87,27.8
2018,8,4.4,92,27.3
2018,8,7.7,91,28.6
2018,8,4.9,91,28.4
2018,8,7,88,28.8
2018,8,10.1,90,28.7
2018,8,7.9,88,27.6
2018,9,6.1,81,25.4
2018,9,5.7,77,26.3
2018,9,5.9,87,28.1
2018,9,4.9,82,27
2018,9,8.7,74,26.8
2018,9,5.7,74,26.6
2018,9,8.2,87,24.8
2018,9,6.5,74,25
2018,9,9.3,81,23.8
2018,9,10,67,24.2
2018,9,9.6,68,24.3
2018,9,7.4,88,24.9
2018,9,6.8,89,25.3
2018,9,6.7,92,25.1
2018,9,5.1,93,24.6
2018,9,3.6,87,26.4
2018,9,3.1,74,26.3
2018,9,2.2,84,26
2018,9,3.9,81,25.6
2018,9,6.9,83,24
2018,9,8.2,84,24.5
2018,9,4.2,68,25.3
2018,9,5.1,56,26.5
2018,9,6.4,51,23.4
2018,9,7.3,61,23.5
2018,9,8.8,64,23.3
2018,9,9.1,63,23.1
2018,9,7.5,64,23.4
2018,9,6.7,83,22.2
2018,9,9.4,77,22.8
2018,10,9.1,53,21.5
2018,10,3.3,61,20.8
2018,10,4.2,58,21.9
2018,10,9,72,23.5
2018,10,7.9,93,23.3
2018,10,11.7,82,25
2018,10,2.9,77,23.5
2018,10,6.4,57,21.7
2018,10,5.4,61,21.8
2018,10,5.5,64,21.2
2018,10,7.7,48,17.1
2018,10,5,61,17.4
2018,10,5.6,58,20.4
2018,10,2.9,52,20.8
2018,10,4.2,56,20.3
2018,10,4.4,65,20.5
2018,10,5.7,71,19.9
2018,10,9.9,77,18.6
2018,10,11.7,67,19
2018,10,4.9,58,19.4
2018,10,3.2,54,20.1
2018,10,2.4,62,21.1
2018,10,5.2,66,21.7
2018,10,4.6,60,19.2
2018,10,3,60,19.9
2018,10,6.4,71,20.4
2018,10,8.3,54,17
2018,10,9.7,58,17.2
2018,10,8.7,59,17.9
2018,10,5.8,49,14.5
2018,10,4.4,55,14.6
2018,11,3.8,55,15.6
2018,11,1.7,48,17.4
2018,11,1.7,50,18.4
2018,11,2.2,48,19
2018,11,3.1,60,19.2
2018,11,5.7,67,19.8
2018,11,6.6,69,19.9
2018,11,8.3,80,21
2018,11,8.9,60,18.7
2018,11,4.9,50,18.7
2018,11,2.9,58,18.9
2018,11,7.2,71,17.4
2018,11,7.9,66,16.6
2018,11,6.4,72,15.8
2018,11,3.9,63,16.9
2018,11,3.1,59,17.6
2018,11,7.4,71,16.4
2018,11,5.1,44,15.4
2018,11,6.8,49,14.8
2018,11,5.5,47,13.9
2018,11,3,41,16.2
2018,11,8.8,48,11.7
2018,11,6.9,38,10
2018,11,4.2,57,13.9
2018,11,3.5,57,14.5
2018,11,3,56,15.5
2018,11,6.2,63,18
2018,11,7.6,58,15.3
2018,11,4.2,55,14.6
2018,11,4.4,53,15.1
2018,12,7.2,57,14.7
2018,12,3.5,68,17.2
2018,12,7.1,92,19.8
2018,12,6.9,81,18.2
2018,12,8.7,69,14.7
2018,12,8.5,75,12.3
2018,12,9.5,54,4.9
2018,12,9.7,58,2.5
2018,12,5.9,51,4.1
2018,12,4.2,54,9.6
2018,12,6.7,74,12.5
2018,12,8.5,60,8.2
2018,12,6.4,53,8
2018,12,5.4,56,6.8
2018,12,3.8,61,10
2018,12,6.2,67,11.6
2018,12,7.6,51,10.5
2018,12,6.9,50,9.5
2018,12,9.1,55,14.4
2018,12,4.2,53,14.9
2018,12,3.1,67,16.4
2018,12,5.5,65,16
2018,12,8.2,61,13.2
2018,12,5.7,41,8.8
2018,12,3.6,43,10
2018,12,6.3,51,10.8
2018,12,11.2,45,4.6
2018,12,10,58,2.1
2018,12,9.7,53,2.6
2018,12,8,65,4.7
2018,12,4.8,56,9.7
2019,1,6.5,52,6.4
2019,1,7.7,47,6.2
2019,1,5,39,7.8
2019,1,5.6,44,10.6
2019,1,6.6,50,9.7
2019,1,5.6,58,10
2019,1,5.8,40,9.2
2019,1,8.6,45,7.7
2019,1,7.1,64,6.8
2019,1,7.2,52,9.6
2019,1,5.3,61,11
2019,1,6.5,82,11.8
2019,1,9.2,76,11.9
2019,1,4.5,63,12.1
2019,1,7.4,53,10.3
2019,1,7.8,51,5
2019,1,9.2,57,6.9
2019,1,5.6,46,9.8
2019,1,5.1,59,12.3
2019,1,8.8,54,9.7
2019,1,8.2,50,7.3
2019,1,7.9,51,9.5
2019,1,6.8,44,11.1
2019,1,5.3,60,10.3
2019,1,7.9,41,9
2019,1,10.5,52,5.5
2019,1,6.7,49,8.8
2019,1,9.6,48,9.6
2019,1,4.8,58,9.2
2019,1,6.5,53,12.6
2019,1,8.9,72,8.5
2019,2,6.6,55,6.1
2019,2,6.3,60,8.8
2019,2,11.2,83,15.4
2019,2,7.9,41,9.9
2019,2,2.9,47,11.2
2019,2,4.6,53,13.7
2019,2,8.3,58,12.3
2019,2,7.5,59,7.4
2019,2,7.9,47,6.6
2019,2,6.7,76,8.1
2019,2,8.1,51,6.7
2019,2,5.2,48,7.1
2019,2,7.1,44,8.3
2019,2,7,67,8.2
2019,2,7.3,64,10.9
2019,2,6.5,57,6.6
2019,2,5.4,43,7
2019,2,3.3,44,10.6
2019,2,5.3,80,12.9
2019,2,8.3,60,9.1
2019,2,4.3,61,10.3
2019,2,3.4,56,11.8
2019,2,8.2,58,11.8
2019,2,4,55,11.9
2019,2,4.9,57,13.4
2019,2,3.4,60,13.2
2019,2,3.8,61,13
2019,2,5.3,65,13.1
2019,3,3.4,51,12.9
2019,3,4.9,56,13.4
2019,3,6.5,63,14.4
2019,3,7,61,13.4
2019,3,4.8,63,14.9
2019,3,3.8,70,13.7
2019,3,8.8,73,10.9
2019,3,4.9,60,12.7
2019,3,7.6,64,15.2
2019,3,9.8,81,13.1
2019,3,7.9,63,13.5
2019,3,9.5,60,12.8
2019,3,8.5,41,8.6
2019,3,6.6,40,10.5
2019,3,8.6,59,11.7
2019,3,8.7,64,10.9
2019,3,5.8,53,11.7
2019,3,8,60,14.2
2019,3,4.8,57,15.6
2019,3,7.4,81,16.6
2019,3,10.4,80,16.5
2019,3,6.9,64,12
2019,3,9,53,9.9
2019,3,7.4,54,9.9
2019,3,8.5,52,12.5
2019,3,5.5,65,15.2
2019,3,11.5,73,16.2
2019,3,5.4,77,13.6
2019,3,3.9,76,15.5
2019,3,7.5,70,13
2019,3,6.7,49,9.9
2019,4,8.3,44,10.1
2019,4,5.5,46,10.8
2019,4,5.2,49,11.9
2019,4,9.9,51,14.2
2019,4,11.7,70,15.3
2019,4,4.6,64,15.9
2019,4,4.2,78,14.7
2019,4,5.7,66,14.5
2019,4,9.5,61,13.5
2019,4,11.5,79,12.3
2019,4,5.6,61,12.2
2019,4,2.2,59,14
2019,4,5.4,65,16.1
2019,4,8.9,62,16.3
2019,4,5.9,48,14.7
2019,4,5.6,74,17.2
2019,4,4.2,82,17.8
2019,4,10.1,80,17.8
2019,4,8.3,74,14.5
2019,4,4,71,15.4
2019,4,4.4,87,17.5
2019,4,5.1,88,16.7
2019,4,3.7,92,17.4
2019,4,6.5,,
2019,4,9.9,83,16
2019,4,9.2,85,14.1
2019,4,6.6,61,13.9
2019,4,2.7,57,15.4
2019,4,5.1,88,16.4
2019,4,6.3,89,16.3
2019,5,3.7,86,17.6
2019,5,5.3,86,18.2
2019,5,,85,18.3
2019,5,2.6,88,18.6
2019,5,7.2,80,19.2
2019,5,8.5,71,16.5
2019,5,4.6,52,16.3
2019,5,8.3,57,18.6
2019,5,7.5,67,18.7
2019,5,2.7,70,19.4
2019,5,2,75,19.7
2019,5,7.4,85,18.5
2019,5,4.3,83,17.8
2019,5,3.6,91,19.8
2019,5,2,84,20.5
2019,5,1.8,90,20.5
2019,5,3.3,85,21.2
2019,5,6.4,85,20.1
2019,5,6.7,83,21.2
2019,5,,,20.3
2019,5,,,20.2
2019,5,,67,21.3
2019,5,,80,21
2019,5,,81,21.5
2019,5,,77,21.5
2019,5,,85,21
2019,5,,86,20
2019,5,,69,19.2
2019,5,,71,20.3
2019,5,,67,20.7
2019,5,,67,19.8
2019,6,,73,20.1
2019,6,,80,20.8
2019,6,,80,20.9
2019,6,,82,21.9
2019,6,,87,21.8
2019,6,4,93,21.2
2019,6,7.8,91,19.7
2019,6,6.7,80,18.9
2019,6,6.9,77,18.6
2019,6,7.9,76,18.9
2019,6,8.5,76,18.4
2019,6,5.5,75,18.7
2019,6,2.6,79,19.6
2019,6,3.2,91,20.1
2019,6,7.7,85,19.7
2019,6,6,79,19.6
2019,6,5.3,82,20.5
2019,6,7.5,89,21.2
2019,6,3.6,85,22.1
2019,6,4.2,86,22.6
2019,6,5.9,88,22
2019,6,8.4,78,20.4
2019,6,7.5,78,20.1
2019,6,3.6,77,20.3
2019,6,3.3,83,21.1
2019,6,4.1,94,21.8
2019,6,6.4,96,22.5
2019,6,4.1,89,22.2
2019,6,5.5,93,22
2019,6,5.2,93,22.6
2019,7,7.2,93,22.5
2019,7,5.4,92,22.7
2019,7,4.6,93,22.1
2019,7,2.9,91,22.9
2019,7,3.7,91,22.8
2019,7,8.6,86,22.9
2019,7,8.3,80,22.4
2019,7,7.3,86,22.1
2019,7,8.2,85,22.1
2019,7,8.4,93,22.2
2019,7,8.7,92,23.2
2019,7,4.5,88,22.7
2019,7,5,86,22.8
2019,7,3.9,85,23
2019,7,4,86,23.4
2019,7,4.3,86,23.5
2019,7,4.3,85,23.6
2019,7,3.1,94,23.2
2019,7,7.4,92,24.6
2019,7,11.6,92,24.8
2019,7,11,92,24.5
2019,7,9.1,96,24.2
2019,7,9.3,96,24.2
2019,7,8.6,95,24.7
2019,7,8.4,96,25.1
2019,7,6.7,96,25.1
2019,7,6.3,95,25.7
2019,7,7.7,93,26.3
2019,7,7.2,96,26.1
2019,7,9.3,95,26.8
2019,7,8.8,94,26.9
2019,8,6.3,92,27.2
2019,8,2.4,87,28.4
2019,8,3.7,92,27.8
2019,8,3.1,92,27.8
2019,8,5.2,91,27.7
2019,8,11.1,92,26.8
2019,8,7.3,91,26.5
2019,8,4,92,27.2
2019,8,2.6,89,27.9
2019,8,5,89,28.1
2019,8,5.1,87,28.3
2019,8,4.6,86,28.8
2019,8,6.2,92,28.5
2019,8,9.9,92,28.2
2019,8,9.7,92,27.6
2019,8,9.5,87,28.1
2019,8,7.8,84,27.1
2019,8,5.5,89,27.7
2019,8,3.5,87,27.7
2019,8,6.9,87,27
2019,8,2.5,90,27.2
2019,8,8.7,92,26.6
2019,8,4.4,82,26.1
2019,8,3.4,71,24
2019,8,3.8,75,23.7
2019,8,3.1,78,25.3
2019,8,5.4,91,23.1
2019,8,2.8,87,20.7
2019,8,6.5,83,13.7
2019,8,6.8,80,23.8
2019,8,4.8,72,25.4
2019,9,2.6,84,25.2
2019,9,3.9,90,24
2019,9,5.5,90,25
2019,9,2.9,91,26.3
2019,9,2.3,93,26.8
2019,9,4.5,87,28
2019,9,11.2,85,28
2019,9,4.1,88,26.8
2019,9,1.9,90,27.3
2019,9,4.3,91,27.2
2019,9,6.2,90,25.6
2019,9,9.9,74,24.8
2019,9,8.3,74,25
2019,9,3.8,84,24.9
2019,9,5.6,84,25
2019,9,9.8,74,24.4
2019,9,10.2,70,24.7
2019,9,5.8,70,24.7
2019,9,8.4,59,23.2
2019,9,8.1,66,23.7
2019,9,11.6,82,21.8
2019,9,18.6,93,21.5
2019,9,12.2,76,21.1
2019,9,4,65,21.9
2019,9,5.7,70,23
2019,9,5.8,79,24.4
2019,9,4.9,88,23.9
2019,9,3,93,23.9
2019,9,1.8,92,24.9
2019,9,2.3,92,24.3
2019,10,2.3,93,23.9
2019,10,7.9,89,24.6
2019,10,10,81,24.7
2019,10,4.8,76,23.3
2019,10,7.5,78,22.8
2019,10,9.4,69,20.4
2019,10,4.4,71,20.7
2019,10,6.8,58,21
2019,10,3.8,57,20.1
2019,10,1.4,58,21.5
2019,10,7.5,67,22.6
2019,10,15.5,67,21.3
2019,10,11.4,64,19.5
2019,10,5,65,20
2019,10,10.9,65,17.6
2019,10,4.8,57,17.7
2019,10,7.3,67,19.1
2019,10,10.6,84,20.4
2019,10,8.8,79,20.4
2019,10,5.2,70,20.4
2019,10,9.1,66,20.7
2019,10,9.3,70,20.8
2019,10,8.9,70,20.6
2019,10,9.7,79,19.1
2019,10,9.1,77,17.6
2019,10,5.1,57,19.5
2019,10,4.4,47,17.2
2019,10,4,53,18.1
2019,10,6.8,58,19.2
2019,10,4.2,54,17.5
2019,10,5.4,53,19
2019,11,6.4,59,19.9
2019,11,3.5,62,19.2
2019,11,6.9,67,18.9
2019,11,7.4,59,16.7
2019,11,2.6,54,17.6
2019,11,3.3,55,18.2
2019,11,5.5,48,17.5
2019,11,4.5,58,17.3
2019,11,4.1,49,17.4
2019,11,5.3,62,18.2
2019,11,9.5,58,17
2019,11,2.6,58,16.3
2019,11,7.8,59,17.7
2019,11,8.4,43,9.9
2019,11,7,50,14.2
2019,12,7.9,63,15.5
2019,12,9.4,60,15.9
2019,12,7.7,39,8.3
2019,12,5.8,51,11
2019,12,8.4,56,12.5
2019,12,5.5,57,11.9
2019,12,1.9,59,13.8
2019,12,6.3,76,16.7
2019,12,7.9,70,14.3
2019,12,7.7,48,11.2
2019,12,5,52,7.8
2019,12,4.7,50,9.5
2019,12,5.3,58,12
2019,12,6.3,54,12.1
2019,12,5.8,65,12.1
2019,12,2.7,56,14.6
2019,12,7.4,66,12.7
2019,12,10.1,49,7.7
2019,12,3.5,49,7.8
2019,12,3,59,11.7
2019,12,5.9,76,14.3
2019,12,8.8,51,4
2020,1,7.3,57,5.9
2020,1,5.1,58,8.3
2020,1,7.2,48,9.7
2020,1,9.3,47,9.8
2020,1,3.6,57,10.7
2020,1,4.4,68,11.9
2020,1,10.5,88,17
2020,1,11.8,64,12.4
2020,1,8.5,53,9.2
2020,1,3.3,59,9.8
2020,1,4.4,46,10
2020,1,7.8,49,8.6
2020,1,6.7,53,6.7
2020,1,6.4,43,6.6
2020,1,6,47,6.4
2020,1,,48,7.8
2020,1,5.8,56,10
2020,1,8.6,76,9.3
2020,1,4.8,47,9.3
2020,1,5.7,49,8.4
2020,1,5.1,55,8.1
2020,1,3,70,11.7
2020,1,8,81,12.6
2020,1,7.9,70,12.3
2020,1,8.3,64,11.2
2020,1,9.5,65,12.2
2020,1,15.8,78,11.1
2020,1,13.4,77,11.6
2020,1,9.8,65,11
2020,1,10,70,8.9
2020,1,6.3,58,8.7
2020,2,6.6,51,9.1
2020,2,5.2,48,10.2
2020,2,5.7,50,8.7
2020,2,5.1,43,8.5
2020,2,8.5,43,4.6
2020,2,5.7,63,4.5
2020,2,4.2,59,8.8
2020,2,8.9,55,7.1
2020,2,6.1,66,7.1
2020,2,6.2,54,8.8
2020,2,3.7,57,11.7
2020,2,9.3,81,14.5
2020,2,7.9,77,14.3
2020,2,2.8,75,14.1
2020,2,5,78,14.1
2020,2,8.2,73,10.9
2020,2,10.4,54,3.5
2020,2,6.5,53,4.1
2020,2,3.9,48,8.5
2020,2,2.5,51,11.1
2020,2,5.1,61,13
2020,2,9.2,52,12.6
2020,2,7,44,8.9
2020,2,8.2,59,13.3
2020,2,7.6,87,12.2
2020,2,8.5,77,11.2
2020,2,7.7,58,8.9
2020,2,3.4,60,9.8
2020,2,4.7,71,11.9
2020,3,5,67,12.4
2020,3,7.8,57,10.4
2020,3,6.1,60,10.7
2020,3,5.9,53,10.7
2020,3,5.1,54,6.9
2020,3,5,52,11
2020,3,4.1,67,11.9
2020,3,7.2,67,12.5
2020,3,4.2,75,13.4
2020,3,9.9,81,13
2020,3,8.1,41,10.3
2020,3,6.5,51,11.6
2020,3,5.9,57,13.2
2020,3,6.6,42,10
2020,3,10.3,47,10
2020,3,8.9,56,8.9
2020,3,11.7,62,13.4
2020,3,7.2,51,14.2
2020,3,13.1,66,15
2020,3,10.3,49,12.5
2020,3,11.9,70,15.6
2020,3,8.6,72,14.2
2020,3,5.1,55,13.8
2020,3,4.9,51,12.9
2020,3,4.3,57,14.3
2020,3,7.2,85,16.5
2020,3,8.6,90,15.3
2020,3,8.8,67,12.1
2020,3,7.7,60,11.7
2020,3,4.3,60,12.6
2020,3,4.7,72,13.9
2020,4,5.7,72,14.3
2020,4,6.5,56,13.5
2020,4,6.1,48,15.6
2020,4,7.9,58,13.7
2020,4,4.3,49,11.3
2020,4,5.6,57,13.7
2020,4,6.1,54,15.8
2020,4,7.1,54,14
2020,4,4.3,47,12.7
2020,4,5.4,53,11.7
2020,4,3.2,61,12.7
2020,4,10.7,72,12.2
2020,4,14.2,58,12.7
2020,4,6.6,54,15.7
2020,4,7.3,64,16.1
2020,4,7.8,71,13.6
2020,4,4.5,82,14.9
2020,4,6.7,74,15.2
2020,4,7.5,79,13.7
2020,4,8.4,76,15.2
2020,4,10,43,14.5
2020,4,8.9,42,11
2020,4,6.6,48,11.7
2020,4,10.4,51,12.9
2020,4,14,71,16.2
2020,4,5.9,65,14.9
2020,4,4,62,14.6
2020,4,6.4,62,15.2
2020,4,6.4,68,16.7
2020,4,10.4,78,16.9
2020,5,11.4,91,17.6
2020,5,9.4,92,17.6
2020,5,4.2,91,17.6
2020,5,4.2,93,17.5
2020,5,5.8,84,15.8
2020,5,7.6,85,16.3
2020,5,8,79,15.6
2020,5,4.2,78,17.5
2020,5,9,89,18
2020,5,9.2,83,17.8
2020,5,6.7,75,18.9
2020,5,10.9,77,17.9
2020,5,6.9,66,17.7
2020,5,3.7,74,18.8
2020,5,5.5,88,18.2
2020,5,3.2,94,17.6
2020,5,2.7,91,17.4
2020,5,3.5,93,18
2020,5,8.2,80,17.7
2020,5,6.4,69,15.4
2020,5,5.7,73,15.3
2020,5,5.3,76,16.2
2020,5,3.8,82,17.5
2020,5,7.6,88,18.8
2020,5,3.9,90,19
2020,5,5.7,90,18.7
2020,5,3.5,77,19.1
2020,5,4.3,83,19.2
2020,5,3.9,87,19
2020,5,3.2,91,19.2
2020,5,3.3,89,19.8
2020,6,6.2,85,20.4
2020,6,5.2,75,20.2
2020,6,7,93,19.9
2020,6,8.3,91,20.4
2020,6,4.3,91,20.6
2020,6,6.7,89,19.7
2020,6,4.5,85,20
2020,6,1.9,88,21.1
2020,6,4.5,89,22.3
2020,6,3.9,88,22.8
2020,6,3.6,96,22.1
2020,6,3.4,95,22.7
2020,6,3.8,94,22.7
2020,6,9.8,93,22.7
2020,6,5.8,80,22.5
2020,6,4.2,84,21.9
2020,6,2.4,88,21.9
2020,6,5.6,88,20.7
2020,6,9.1,87,21.2
2020,6,4.7,83,21.3
2020,6,5.2,82,21.4
2020,6,2.2,83,22.6
2020,6,2.8,89,23.2
2020,6,3.4,88,23.5
2020,6,7.6,94,23.2
2020,6,8,87,22.9
2020,6,4,94,22.7
2020,6,2.8,92,22.8
2020,6,4.7,93,23
2020,6,13.8,88,22
2020,7,3.9,89,20.9
2020,7,2.8,86,21.7
2020,7,5.8,90,21.7
2020,7,5.7,91,20.6
2020,7,3.4,89,22.4
2020,7,3.1,95,23.1
2020,7,6.7,95,22.3
2020,7,2.9,91,22.5
2020,7,3.4,91,22.3
2020,7,8.3,,23.3
2020,7,7,93,22.1
2020,7,5.9,89,21.8
2020,7,9.3,93,21.4
2020,7,8.5,,20.8
2020,7,5.8,81,21.3
2020,7,4.4,81,21.9
2020,7,5.1,82,22.5
2020,7,3.8,83,23
2020,7,5,93,24.2
2020,7,9.6,93,25.1
2020,7,4.1,91,24.3
2020,7,3.4,94,23.5
2020,7,7.1,92,23.5
2020,7,6.7,86,24.1
2020,7,7.4,89,23.2
2020,7,3.5,91,23.6
2020,7,3.9,96,23.1
2020,7,3.7,95,23.3
2020,7,1.9,97,24
2020,7,5.3,92,24.2
2020,7,5.3,93,24.7
2020,8,6,94,25.2
2020,8,7.6,94,26.2
2020,8,8.4,92,26.5
2020,8,6.9,92,26.6
2020,8,6.1,92,26.7
2020,8,10.9,92,26.8
2020,8,7.9,94,25.8
2020,8,7.5,94,26.2
2020,8,8,92,26.5
2020,8,8.4,91,26.6
2020,8,7.9,94,25.8
2020,8,7.7,96,25.8
2020,8,8,96,26.3
2020,8,10.2,90,27.1
2020,8,9.5,90,26.6
2020,8,7.6,90,26.2
2020,8,3.5,90,27.3
2020,8,4,92,28
2020,8,4.4,,28.3
2020,8,3.5,,27.9
2020,8,6.5,90,26.6
2020,8,5.8,89,26.9
2020,8,2.8,85,27.7
2020,8,3.3,83,28.5
2020,8,3.8,86,29.7
2020,8,8.8,82,30.1
2020,8,9.2,86,29.1
2020,8,6.1,86,29
2020,8,5.8,87,28.9
2020,8,4.9,88,28.6
2020,8,10,86,27.4
2020,9,7.6,86,27.9
2020,9,9.7,85,29.5
2020,9,17.5,86,26.4
2020,9,5.3,71,26.2
2020,9,6.3,82,23.5
2020,9,13.1,92,23.5
2020,9,17.4,86,24.8
2020,9,9.7,90,24.3
2020,9,6.3,87,24.3
2020,9,3,90,24.1
2020,9,4.6,90,24.1
2020,9,11.3,89,22.4
2020,9,8.2,79,21.5
2020,9,3.1,76,23.1
2020,9,2.9,79,24.1
2020,9,3.2,89,24.1
2020,9,3.7,85,23.6
2020,9,5.2,72,22.5
2020,9,6,65,24.1
2020,9,5.4,56,23.2
2020,9,6.2,71,21.6
2020,9,9.5,69,21.8
2020,9,11.2,76,22.4
2020,9,10.4,81,21.8
2020,9,11.4,86,21
2020,9,11.4,81,20.7
2020,9,9.7,69,20.8
2020,9,7.3,66,20.3
2020,9,5.5,76,20.6
2020,9,7.1,71,21.2
2020,10,5,72,20.8
2020,10,3,75,21.7
2020,10,3.1,79,22.3
2020,10,6.6,73,22.6
2020,10,8.4,52,18.7
2020,10,6.9,60,18.9
2020,10,9.6,65,20
2020,10,13.2,66,19.8
2020,10,13.6,69,19.9
2020,10,10.7,73,19.8
2020,10,7.5,71,19.3
2020,10,3.3,69,19.6
2020,10,6.6,65,19.2
2020,10,6,58,18.8
2020,10,7.4,64,18.2
2020,10,4.7,63,18.7
2020,10,5.4,63,18.2
2020,10,5,57,19.1
2020,10,5,60,
2020,10,3.3,66,19.5
2020,10,6.5,77,17.6
2020,10,8.2,51,14.8
2020,10,8.6,46,14
2020,10,6.1,51,17
2020,10,2.7,57,17.7
2020,10,2.6,66,18.6
2020,10,4.5,53,19.3
2020,10,6.7,63,17.4
2020,10,9.5,62,16.9
2020,10,3.7,56,16.3
2020,11,4.7,60,18.3
2020,11,5.4,56,16.7
2020,11,8.9,45,12.4
2020,11,6.5,47,11.1
2020,11,2.9,48,14.4
2020,11,4.5,66,18.4
2020,11,6.5,70,19.1
2020,11,7.4,43,15.9
2020,11,9,44,11.9
2020,11,4.2,47,12.8
2020,11,3.6,49,14.8
2020,11,2.6,56,16.3
2020,11,5.1,55,17.2
2020,11,7.4,61,17.1
2020,11,4.6,62,17.3
2020,11,5.2,61,17.8
2020,11,3.9,73,18.7
2020,11,6.9,84,20.1
2020,11,11.6,81,20.6
2020,11,6.2,66,14.1
2020,11,7.2,67,13.6
2020,11,5.1,70,14.1
2020,11,6.7,55,11.4
2020,11,5.3,65,13.1
2020,11,5.5,56,13.6
2020,11,3.4,59,13.3
2020,11,7.3,64,13
2020,11,8,54,8
2020,11,5.9,56,7.9
2020,11,7.9,54,7.9
2020,12,6,62,10.3
2020,12,5.9,55,11.8
2020,12,8.7,52,9.3
2020,12,4.8,52,8.7
2020,12,6.7,56,8.4
2020,12,6.1,56,9.7
2020,12,5.5,56,11
2020,12,7,52,7.2
2020,12,1.9,36,9.5
2020,12,4.4,50,11.6
2020,12,4.7,55,12.1
2020,12,8.8,49,10.3
2020,12,9,58,9.1
2020,12,12.1,56,2.5
2020,12,11.2,59,0.7
2020,12,9.8,54,1
2020,12,7.8,50,3
2020,12,7.5,54,6.7
2020,12,9.4,50,4.3
2020,12,8.8,53,5
2020,12,7.8,56,6.1
2020,12,5.9,53,8
2020,12,6.4,55,9.7
2020,12,5.2,53,11.3
2020,12,8.3,51,5.7
2020,12,4.7,48,8.3
2020,12,2,59,10.3
2020,12,3.8,59,12.3
2020,12,4.7,66,12.6
2020,12,13.4,68,0.5
2020,12,9.9,61,0.6
2021,1,8,57,3.1
2021,1,7.2,51,4.2
2021,1,7.4,47,3.1
2021,1,4.9,49,5.7
2021,1,6.3,51,6.5
2021,1,5.7,56,1.8
2021,1,10.2,64,-2.6
2021,1,8.7,65,-4.3
2021,1,9.5,60,-2.2
2021,1,7.6,58,1.5
2021,1,4.8,59,4.1
2021,1,5.7,55,4.1
2021,1,8.8,57,9.9
2021,1,3.8,52,11.2
2021,1,7.6,69,14.5
2021,1,,49,8
2021,1,,49,2.2
2021,1,,58,4.8
2021,1,,58,2.3
2021,1,,59,8.1
2021,1,,64,11.4
2021,1,,87,12.2
2021,1,11.6,75,12.4
2021,1,10.6,65,10.4
2021,1,7.5,69,10.3
2021,1,5.8,76,11
2021,1,8,60,9.1
2021,1,8.5,56,7.3
2021,1,10.4,51,0.1
2021,1,8.2,57,6.7
2021,1,5.2,47,10.2
2021,2,10.5,73,12.7
2021,2,8.9,45,4.6
2021,2,6.1,48,2.8
2021,2,7.2,46,7.1
2021,2,8.4,51,8
2021,2,7.2,60,11.8
2021,2,6.1,57,11.5
2021,2,10.3,45,5.4
2021,2,5.7,46,5
2021,2,5.6,48,9.1
2021,2,4.3,58,10.1
2021,2,2.3,65,12.3
2021,2,2.5,69,13.5
2021,2,3.3,83,14.2
2021,2,7.8,63,10.9
2021,2,8.7,53,3.9
2021,2,12.3,55,-0.6
2021,2,7.9,59,-1.1
2021,2,8.1,57,7.1
2021,2,13.4,74,13
2021,2,11.6,76,14.5
2021,2,9.5,82,14
2021,2,5.3,54,8.7
2021,2,5,62,8.9
2021,2,4.8,63,9.9
2021,2,10.6,66,10.4
2021,2,11.8,65,8.4
2021,2,4.7,70,11.9
2021,3,10.7,83,13
2021,3,12.1,72,6.2
2021,3,3.6,56,6.9
2021,3,3.1,68,11.2
2021,3,5.4,81,13.1
2021,3,10.1,75,9.6
2021,3,6.8,67,7.2
2021,3,6.4,64,9.4
2021,3,3.6,63,10.6
2021,3,7.6,59,11.3
2021,3,3.3,62,12.3
2021,3,8.4,80,12.5
2021,3,8.9,67,11.2
2021,3,3,60,12.5
2021,3,7,68,14
2021,3,6,84,14.6
2021,3,6.9,66,11.7
2021,3,7.7,70,11.3
2021,3,8.5,68,11.8
2021,3,6.9,84,13.1
2021,3,9.2,60,11.3
2021,3,8.6,47,9.1
2021,3,9,52,11.8
2021,3,9.1,65,13.4
2021,3,5,60,14.1
2021,3,5.1,59,15.1
2021,3,7.9,73,15.6
2021,3,12.2,82,14.8
2021,3,9,72,14.8
2021,3,5.1,47,13.9
2021,3,,65,15.6
2021,4,,68,15.7
2021,4,,80,15.8
2021,4,,89,15.9
2021,4,,79,15.5
2021,4,,60,15.4
2021,4,,61,15.7
2021,4,,58,
2021,4,,68,15.9
2021,4,,61,16
2021,4,,59,15.9
2021,4,,62,
2021,4,,79,
2021,4,,80,15.8
2021,4,,60,15.8
2021,4,,47,15.1
2021,4,,75,16.2
2021,4,,66,15.6
2021,4,,55,13.1
2021,4,,58,15.5
2021,4,,64,17.3
2021,4,,81,16.9
2021,4,,82,16.9
2021,4,,76,15.9
2021,4,,74,14.9
2021,4,,69,14.7
2021,4,,57,14.1
2021,4,,73,15.9
2021,4,,80,17.8
2021,4,,75,17.3
2021,4,,68,17.2
2021,5,,71,14
2021,5,,64,14.3
2021,5,,69,16.4
2021,5,,81,17.4
2021,5,,70,17.7
2021,5,,58,17
2021,5,,78,17.8
2021,5,,68,16.9
2021,5,,67,17.1
2021,5,,74,15.7
2021,5,6.8,78,15.7
2021,5,7.6,80,16.2
2021,5,4.7,91,16.4
2021,5,2.8,96,16.5
2021,5,5.8,95,18.8
2021,5,8.8,96,19.1
2021,5,5.5,91,15.8
2021,5,3.4,92,16.8
2021,5,3.6,89,18.5
2021,5,4.8,95,17.8
2021,5,7,85,17.3
2021,5,4.8,78,18.1
2021,5,5.8,87,19.2
2021,5,6.3,83,18.6
2021,5,5.4,69,19.1
2021,5,4.8,68,18.4
2021,5,7.3,88,17.4
2021,5,7.1,88,18.1
2021,5,6.9,70,18.9
2021,5,3.4,74,19.2
2021,5,3.1,84,19.2
2021,6,2.7,89,19.2
2021,6,3.2,88,20.4
2021,6,7.7,88,20.3
2021,6,5.4,81,19.3
2021,6,10,83,19.9
2021,6,9.1,82,20.1
2021,7,5.8,97,28
2021,7,2.3,95,28
2021,7,3.2,88,28.6
2021,7,4.5,84,28.4
2021,7,2.8,88,28.5
2021,7,2.3,86,28.8
2021,7,4.4,89,29.2
2021,7,6.3,90,28.8
2021,7,6,91,28.9
2021,7,5.1,91,28.9
2021,7,4.7,89,29.2
2021,7,3.8,83,29.7
2021,7,4.4,82,29.7
2021,7,5,86,29.7
2021,7,4.6,84,29.7
2021,7,1.9,79,29.4
2021,7,6.9,86,29.5
2021,7,6.3,92,29.9
2021,8,3.9,93,29.9
2021,8,5.1,91,30.3
2021,8,3.7,86,30.2
2021,8,3.2,86,30.4
2021,8,2,82,31.1
2021,8,4,90,30.9
2021,8,2.6,80,30.9
2021,8,5.8,86,28.7
2021,8,11.3,84,28.3
2021,8,3.5,79,28.6
2021,8,5.4,85,28.6
2021,8,3.6,82,28.4
2021,8,6.4,81,28.1
2021,8,9,82,27.6
2021,8,7.3,78,28
2021,8,7.3,76,27.7
2021,8,10.2,88,26.8
2021,8,10.7,90,26
2021,8,7.3,89,26.5
2021,8,3.4,86,27.7
2021,8,10.3,90,27.5
2021,8,8.6,91,28.4
2021,8,5.7,92,27.7
2021,8,12.9,93,28.7
2021,8,7.9,93,27.8
2021,8,6.1,93,28.2
2021,8,9,93,28.6
2021,8,4.6,82,28.2
2021,8,6,93,28.2
2021,8,2.3,82,27.8
2021,8,2.8,85,28
2021,9,7.5,89,27.4
2021,9,7.8,82,26.1
2021,9,8.1,86,25.6
2021,9,7.8,73,26.5
2021,9,7.4,75,26.6
2021,9,8.1,76,26.8
2021,9,7.4,86,27.9
2021,9,5.4,82,27
2021,9,2.1,81,26.9
2021,9,3.6,77,26.9
2021,9,3,77,27.4
2021,9,4.7,79,27.7
2021,9,7.6,78,27.2
2021,9,8.4,89,26.1
2021,9,11.4,73,26.2
2021,9,8.5,76,26.7
2021,9,13.2,93,25.1
2021,9,9.1,77,25.7
2021,9,7.9,77,25.9
2021,9,5,80,26.6
2021,9,9.4,88,27.8
2021,9,9.2,83,26.8
2021,9,3.7,63,26.3
2021,9,6.7,76,25.8
2021,9,8.9,80,26.1
2021,9,9.1,75,25.8
2021,9,7.9,75,25.6
2021,9,4.8,83,26.1
2021,9,6.5,90,28
2021,9,8,87,26.3
2021,10,4.7,77,26.2
2021,10,3,82,26.7
2021,10,5.2,83,27.2
2021,10,8.4,83,28.3
2021,10,6.9,84,27.6
2021,10,4.6,83,26.4
2021,10,3.9,83,26.8
2021,10,3.5,81,27.1
2021,10,6.1,88,27.5
2021,10,5.2,91,28
2021,10,9.6,91,25
2021,10,11,88,23.2
2021,10,9.4,85,24
2021,10,3.1,70,25.4
2021,10,6.3,80,25.4
2021,10,10.2,75,21.7
2021,10,10.9,70,17.5
2021,10,3.5,61,19.1
2021,10,6.5,58,20.3
2021,10,7.7,69,18.6
2021,10,5.4,73,18.9
2021,10,10.1,76,19.3
2021,10,6.8,57,20.7
2021,10,2.2,51,21.5
2021,10,3.6,59,22.2
2021,10,2.1,51,21.9
2021,10,3.3,53,22.9
2021,10,8.5,59,22.7
2021,10,8.2,60,21.5
2021,10,3.8,63,22.1
2021,10,2.5,61,22.6
2021,11,4.9,59,22.9
2021,11,6,63,21
2021,11,6.5,75,20.9
2021,11,4.9,58,21.7
2021,11,4.8,58,22.1
2021,11,7.8,64,22.4
2021,11,8.7,70,22.9
2021,11,10.2,77,21.5
2021,11,6.9,60,15.9
2021,11,10.1,63,16
2021,11,7.9,60,16.1
2021,11,8.5,58,14.6
2021,11,7.2,63,16.3
2021,11,6.6,62,19.1
2021,11,2.9,59,19.1
2021,11,4.8,55,19.2
2021,11,4.8,49,18.4
2021,11,6.1,55,19.4
2021,11,3.4,59,21.1
2021,11,3.2,66,21.4
2021,11,4.7,74,21.9
2021,11,9.7,63,16
2021,11,8,60,11.7
2021,11,8.3,61,14.9
2021,11,8.8,60,18.1
2021,11,8.6,50,15.1
2021,11,7.6,60,14.8
2021,11,2.4,54,16.6
2021,11,6.6,56,18.5
2021,11,11.1,77,19
2021,12,10.2,55,10
2021,12,6.4,56,10.1
2021,12,9.6,61,14.3
2021,12,9.3,59,11.9
2021,12,2.3,69,15.3
2021,12,1.3,66,17.9
2021,12,9.5,73,17.8
2021,12,9.4,66,16.7
2021,12,5.3,67,17.8
2021,12,3.9,69,18.8
2021,12,4.4,70,17.5
2021,12,8.2,59,15
2021,12,4.4,53,10.1
2021,12,5.3,59,11.9
2021,12,7.9,66,16.7
2021,12,4.4,68,16.2
2021,12,12.5,60,9.3
2021,12,8.3,58,5.4
2021,12,8.5,56,10.3
2021,12,9.5,60,14.6
2021,12,7.6,63,17.1
2021,12,6.4,63,15.5
2021,12,4.4,45,15.1
2021,12,4.1,59,15.1
2021,12,13.3,61,6.1
2021,12,11.7,63,1.7
2021,12,10.6,61,5.1
2021,12,5.2,63,10.4
2021,12,7.2,59,13
2021,12,9.4,54,8.6
2021,12,9.9,51,5.6
2022,1,2.9,56,8.2
2022,1,4.9,48,12
2022,1,6.4,43,10.8
2022,1,6.3,52,11
2022,1,5.6,66,11.7
2022,1,6.7,60,12.4
2022,1,4,55,12.3
2022,1,5.2,50,12.7
2022,1,5.6,64,12.2
2022,1,4.9,75,13.8
2022,1,10.4,59,7.9
2022,1,8.2,54,5.2
2022,1,9.9,57,5.4
2022,1,5.6,54,5.2
2022,1,5.2,54,11.8
2022,1,7.8,55,11.7
2022,1,7.9,51,7
2022,1,6.5,51,5.1
2022,1,4.7,51,7.9
2022,1,10.3,71,7.6
2022,1,5.5,64,10
2022,1,2.5,62,12.3
2022,1,4.8,71,14
2022,1,10.5,69,11.8
2022,1,3.9,63,12.4
2022,1,6.1,59,11.2
2022,1,3.1,52,11.4
2022,1,6.2,47,10
2022,1,7.1,44,9
2022,1,6.3,57,9.3
2022,1,4.9,49,9.5
2022,2,8.1,55,9.3
2022,2,7.8,57,8.2
2022,2,7.9,53,7.6
2022,2,7.9,55,7
2022,2,9.5,55,4.5
2022,2,8.8,55,5.6
2022,2,4.8,54,7.2
2022,2,5,50,9.3
2022,2,4.7,61,11.6
2022,2,5.3,58,13.1
2022,2,5.3,61,12.6
2022,2,4,58,13.5
2022,2,8.4,78,13.7
2022,2,5.9,72,14
2022,2,7.3,56,9.4
2022,2,7.8,54,4
2022,2,8.1,61,3.1
2022,2,4.9,64,9.7
2022,2,5.1,66,11.2
2022,2,12,56,5.8
2022,2,9.2,57,6.9
2022,2,7.1,48,6.9
2022,2,6.7,52,6
2022,2,6,48,7.3
2022,2,7.7,56,11.3
2022,2,10.4,62,13.8
2022,2,8.2,54,12.5
2022,2,4.8,58,15.6
2022,3,5.5,86,16.5
2022,3,6.5,57,12.8
2022,3,5.8,52,13.9
2022,3,8.5,69,16.2
2022,3,10.9,51,14.1
2022,3,6.1,48,8.9
2022,3,2.4,58,11.9
2022,3,4.2,50,14.9
2022,3,5.6,70,15.5
2022,3,7.1,73,14.9
2022,3,7.2,85,14.9
2022,3,4.7,89,15.6
2022,3,8.6,89,15.4
2022,3,6.4,89,13.2
2022,3,5.4,68,12.9
2022,3,4.3,76,14.6
2022,3,9.4,81,12.3
2022,3,13.1,84,9.9
2022,3,6.5,78,8.8
2022,3,4.1,69,9.9
2022,3,4.3,61,11
2022,3,7.3,67,11.4
2022,3,4.1,63,11.6
2022,3,5.9,59,13.1
2022,3,7.8,73,15.7
2022,3,10.7,86,15.1
2022,3,7.1,62,15
2022,3,8,51,11.7
2022,3,3.9,63,13.4
2022,3,6.8,88,15.6
2022,3,9.4,76,12.6
2022,4,7.9,54,11.4
2022,4,2.9,56,11.9
2022,4,3.5,61,13
2022,4,3.5,59,14.2
2022,4,8.8,62,16
2022,4,4.2,56,16.3
2022,4,5,68,16.7
2022,4,6.3,69,15.4
2022,4,10.5,80,17
2022,4,9,87,17.6
2022,4,5.2,90,17.5
2022,4,7.3,95,18.1
2022,4,10.4,87,14.2
2022,4,12.5,87,13.3
2022,4,11.2,68,12.6
2022,4,6.8,62,13.1
2022,4,6,57,16.8
2022,4,4.2,60,18
2022,4,4.3,69,17.9
2022,4,5.5,68,18.3
2022,4,5.3,74,17.1
2022,4,11,84,17.2
2022,4,5.9,81,17.7
2022,4,4.7,91,18
2022,4,4.6,92,18.7
2022,4,7.7,95,18.6
2022,4,8.2,74,17.5
2022,4,7.3,73,16.4
2022,4,12.2,77,14.1
2022,4,4.9,68,14.6
2022,5,6.4,55,16.2
2022,5,5.7,52,15.9
2022,5,5.7,66,16.1
2022,5,10.9,74,17.8
2022,5,8,79,18.2
2022,5,4.7,89,19.2
2022,5,6.3,84,18.4
2022,5,7.2,67,16.2
2022,5,7.7,71,16.7
2022,5,7,74,17
2022,5,3.2,82,18.5
2022,5,5.6,94,18.4
2022,5,8.5,89,17
2022,5,6,65,18.3
2022,5,6.6,57,17.2
2022,5,6.6,54,18.6
2022,5,6,72,19.5
2022,5,8.3,78,19.8
2022,5,8.2,73,20
2022,5,6.2,78,19.9
2022,5,5.2,83,20.3
2022,5,5.7,79,21.1
2022,5,3.6,86,20.1
2022,5,3.3,92,21.2
2022,5,7,87,21.3
2022,5,6,80,20.9
2022,5,8.2,72,21.3
2022,5,7.8,76,20.7
2022,5,5.2,80,20.7
2022,5,2.2,86,20.3
2022,5,4,77,20.7
2022,6,5.4,78,22
2022,6,9.2,84,21
2022,6,7.9,89,20.6
2022,6,6.2,82,20.5
2022,6,6.7,90,20
2022,6,10.4,89,19.5
2022,6,7,78,18.7
2022,6,5.6,73,18.6
2022,6,3.9,77,19.4
2022,6,2.5,84,21
2022,6,6.6,88,21.5
2022,6,7.5,80,20.4
2022,6,7.9,83,20.9
2022,6,8.9,91,20.5
2022,6,7.6,89,20.6
2022,6,9.3,88,22.2
2022,6,8.7,88,22.6
2022,6,7.8,92,23.1
2022,6,8.2,90,23.4
2022,6,4.5,93,23.4
2022,6,2.6,94,23.9
2022,6,6.5,91,24
2022,6,9.8,94,24.4
2022,6,12.7,94,23.3
2022,6,9.7,95,23.1
2022,6,8.8,94,24
2022,6,8.1,95,24.7
2022,6,9.6,92,25.1
2022,6,9.3,91,25.2
2022,6,7.1,94,24.5
2022,7,4.4,96,24.7
2022,7,2.2,93,25.6
2022,7,3.2,92,26.2
2022,7,2.6,92,26.5
2022,7,2.6,93,26.4
2022,7,1.6,92,26.8
2022,7,4.6,93,27.5
2022,7,8.4,93,27.4
2022,7,4.3,88,26.7
2022,7,4.1,88,26.2
2022,7,3.2,90,26.9
2022,7,7.6,84,25.6
2022,7,3.5,83,25.9
2022,7,7.1,91,26.8
2022,7,3.3,89,26.4
2022,7,2.9,86,27
2022,7,4.6,84,26.7
2022,7,6.6,91,24.9
2022,7,4.6,92,25.4
2022,7,5,90,25.6
2022,7,8.1,92,25.2
2022,7,3.8,91,23.4
2022,7,2.7,91,23.9
2022,7,7.1,91,25.2
2022,7,3,95,24.3
2022,7,3.8,90,25.1
2022,7,5.5,91,25.7
2022,7,3.7,96,25.2
2022,7,4.8,97,25.7
2022,7,4.9,94,26.7
2022,7,5.7,89,27.4
2022,8,8.5,86,28.8
2022,8,9.3,91,28.4
2022,8,9.1,93,27.8
2022,8,7.9,91,28.4
2022,8,7.1,91,28.5
2022,8,7.1,92,28.5
2022,8,8.7,92,29
2022,8,10.2,90,28.9
2022,8,8.6,91,28.4
2022,8,8.2,92,28.1
2022,8,8.3,92,28.4
2022,8,5.7,93,28.4
2022,8,5.7,94,28
2022,8,8.1,90,28
2022,8,9.7,94,27.8
2022,8,7,95,25.5
2022,8,3.6,92,24.4
2022,8,3.8,87,26.1
2022,8,8.8,85,27.6
2022,8,8,93,26.5
2022,8,8.1,90,25.5
2022,8,4.7,80,26.5
2022,8,6.4,80,27.7
2022,8,9.2,89,24.8
2022,8,4.1,77,26.2
2022,8,3.8,67,26.4
2022,8,4.6,64,27.1
2022,8,7.8,65,25.6
2022,8,5.2,72,26.6
2022,8,3.5,82,26.3
2022,8,6.9,89,25.1
2022,9,8.7,82,25
2022,9,9.6,87,24.8
2022,9,9.4,89,25.5
2022,9,4.6,90,27.4
2022,9,8.7,82,29
2022,9,10.5,,25.8
2022,9,6.3,,24.7
2022,9,6.9,,24
2022,9,8.2,,24
2022,9,9.7,,23.9
2022,9,6.9,,24.3
2022,9,6.5,,24.5
2022,9,9.8,,24.8
2022,9,11,,24.7
2022,9,9.2,,24.1
2022,9,5.4,,25
2022,9,5.4,,25.6
2022,9,11,,25.6
2022,9,18.5,,23.1
2022,9,11.1,,20.6
2022,9,8.3,,20.6
2022,9,5.5,,22.4
2022,9,5,,23.3
2022,9,6.4,,20.9
2022,9,4.6,,22
2022,9,3.8,,22.9
2022,9,6.6,,22.9
2022,9,5.2,,23.2
2022,9,1.5,74,23.7
2022,9,1.1,69,23.7
2022,10,3.5,71,24.1
2022,10,4.1,76,24.5
2022,10,9.7,83,25.4
2022,10,11.9,82,23.1
2022,10,8.6,73,20.2
2022,10,4.5,74,20.2
2022,10,9.8,72,19.7
2022,10,9.7,60,19.4
2022,10,7.1,69,20.4
2022,10,10.2,57,17.5
2022,10,6.2,58,16.2
2022,10,,61,19.6
2022,10,,63,20.5
2022,10,,66,20.6
2022,10,,69,21.2
2022,10,,70,21.5
2022,10,,57,19.9
2022,10,,61,16.3
2022,10,,53,16.2
2022,10,,51,18.4
2022,10,,63,20.2
2022,10,,60,21.3
2022,10,,68,19
2022,10,,63,16.2
2022,10,,60,16.4
2022,10,,59,18.2
2022,10,,55,19.8
2022,10,6.3,66,19.6
2022,10,8.4,66,18.1
2022,10,8.7,61,18
2022,10,7.6,64,18.8
2022,11,4,60,19.8
2022,11,3,62,19.8
2022,11,4.6,49,19.6
2022,11,7.5,46,15.2
2022,11,5,44,15
2022,11,3.3,44,15.7
2022,11,2.7,47,17.5
2022,11,3.4,47,18.6
2022,11,5.6,51,19.7
2022,11,4.1,53,19.3
2022,11,4.8,67,19.9
2022,11,5.2,74,21.7
2022,11,11.7,79,19.8
2022,11,5.6,60,15.7
2022,11,6.2,50,15.1
2022,11,4.3,49,16.2
2022,11,3.1,48,16.4
2022,11,4.1,55,18.3
2022,11,8.1,62,18.8
2022,11,5.5,60,18.2
2022,11,3.1,61,19
2022,11,5.4,68,19.2
2022,11,8,74,18.3
2022,11,5.1,62,17.1
2022,11,5.8,59,18.9
2022,11,7.5,49,18.5
2022,11,3.9,56,16.6
2022,11,8.1,71,20.9
2022,11,9.7,74,18.7
2022,11,10.5,49,7.1
2022,12,8.3,50,5.5
2022,12,5.9,53,6.4
2022,12,5,53,12.3
2022,12,6.5,50,10.7
2022,12,7.3,54,9.3
2022,12,7.8,50,8.7
2022,12,5.8,47,11.4
2022,12,4.6,43,12.4
2022,12,2.2,45,14.3
2022,12,4.2,56,13.9
2022,12,9.9,68,11.8
2022,12,6.2,63,13
2022,12,8.7,53,10.6
2022,12,10.5,55,3.9
2022,12,7.7,62,6.3
2022,12,6.4,50,7.8
2022,12,7.9,52,5.5
2022,12,8.8,55,1.3
2022,12,6,50,3.7
2022,12,3.8,50,6.8
2022,12,5.8,66,11.4
2022,12,10.6,60,4.8
2022,12,13.2,61,1.5
2022,12,7,70,5.3
2022,12,7.2,56,8.7
2022,12,3.9,56,8.8
2022,12,3.3,51,10.2
2022,12,6.3,48,8.1
2022,12,8.8,56,5.9
2022,12,5.7,57,6.8
2022,12,7.7,56,7
